,sub,choices,values,risk,ambiguity,riskTol,ambTol
0,1,0,5,0.25,0.0,1.060578475630706,-0.19638191259724425
1,1,0,5,0.5,0.5,1.060578475630706,-0.19638191259724425
2,1,1,12,0.5,0.74,1.060578475630706,-0.19638191259724425
3,1,1,25,0.5,0.74,1.060578475630706,-0.19638191259724425
4,1,0,8,0.5,0.5,1.060578475630706,-0.19638191259724425
5,1,0,8,0.5,0.24,1.060578475630706,-0.19638191259724425
6,1,1,12,0.5,0.74,1.060578475630706,-0.19638191259724425
7,1,0,8,0.75,0.0,1.060578475630706,-0.19638191259724425
8,1,0,8,0.25,0.0,1.060578475630706,-0.19638191259724425
9,1,0,12,0.25,0.0,1.060578475630706,-0.19638191259724425
10,1,1,25,0.5,0.24,1.060578475630706,-0.19638191259724425
11,1,0,8,0.5,0.74,1.060578475630706,-0.19638191259724425
12,1,1,25,0.5,0.5,1.060578475630706,-0.19638191259724425
13,1,1,8,0.5,0.5,1.060578475630706,-0.19638191259724425
14,1,0,12,0.25,0.0,1.060578475630706,-0.19638191259724425
15,1,1,25,0.5,0.5,1.060578475630706,-0.19638191259724425
16,1,1,25,0.75,0.0,1.060578475630706,-0.19638191259724425
17,1,0,5,0.5,0.24,1.060578475630706,-0.19638191259724425
18,1,1,8,0.5,0.74,1.060578475630706,-0.19638191259724425
19,1,1,25,0.25,0.0,1.060578475630706,-0.19638191259724425
20,1,0,8,0.5,0.0,1.060578475630706,-0.19638191259724425
21,1,0,5,0.75,0.0,1.060578475630706,-0.19638191259724425
22,1,0,8,0.5,0.0,1.060578475630706,-0.19638191259724425
23,1,0,8,0.5,0.74,1.060578475630706,-0.19638191259724425
24,1,0,5,0.5,0.74,1.060578475630706,-0.19638191259724425
25,1,0,8,0.5,0.5,1.060578475630706,-0.19638191259724425
26,1,1,25,0.5,0.74,1.060578475630706,-0.19638191259724425
27,1,0,8,0.5,0.24,1.060578475630706,-0.19638191259724425
28,1,1,8,0.75,0.0,1.060578475630706,-0.19638191259724425
29,1,1,25,0.75,0.0,1.060578475630706,-0.19638191259724425
30,1,0,8,0.25,0.0,1.060578475630706,-0.19638191259724425
31,1,0,8,0.75,0.0,1.060578475630706,-0.19638191259724425
32,1,0,8,0.25,0.0,1.060578475630706,-0.19638191259724425
33,1,1,25,0.75,0.0,1.060578475630706,-0.19638191259724425
34,1,1,12,0.5,0.5,1.060578475630706,-0.19638191259724425
35,1,1,12,0.5,0.0,1.060578475630706,-0.19638191259724425
36,1,1,25,0.25,0.0,1.060578475630706,-0.19638191259724425
37,1,0,8,0.5,0.5,1.060578475630706,-0.19638191259724425
38,1,1,5,0.75,0.0,1.060578475630706,-0.19638191259724425
39,1,0,5,0.5,0.0,1.060578475630706,-0.19638191259724425
40,1,1,8,0.75,0.0,1.060578475630706,-0.19638191259724425
41,1,1,25,0.5,0.0,1.060578475630706,-0.19638191259724425
42,1,0,5,0.25,0.0,1.060578475630706,-0.19638191259724425
43,1,1,12,0.5,0.0,1.060578475630706,-0.19638191259724425
44,1,1,12,0.5,0.24,1.060578475630706,-0.19638191259724425
45,1,1,25,0.75,0.0,1.060578475630706,-0.19638191259724425
46,1,0,8,0.5,0.0,1.060578475630706,-0.19638191259724425
47,1,0,5,0.25,0.0,1.060578475630706,-0.19638191259724425
48,1,1,12,0.5,0.0,1.060578475630706,-0.19638191259724425
49,1,1,12,0.5,0.0,1.060578475630706,-0.19638191259724425
50,1,0,12,0.5,0.5,1.060578475630706,-0.19638191259724425
51,1,0,12,0.25,0.0,1.060578475630706,-0.19638191259724425
52,1,1,12,0.75,0.0,1.060578475630706,-0.19638191259724425
53,1,0,5,0.5,0.5,1.060578475630706,-0.19638191259724425
54,1,1,25,0.5,0.74,1.060578475630706,-0.19638191259724425
55,1,1,12,0.5,0.24,1.060578475630706,-0.19638191259724425
56,1,0,5,0.25,0.0,1.060578475630706,-0.19638191259724425
57,1,1,8,0.5,0.74,1.060578475630706,-0.19638191259724425
58,1,0,12,0.5,0.24,1.060578475630706,-0.19638191259724425
59,1,1,25,0.5,0.24,1.060578475630706,-0.19638191259724425
60,1,1,25,0.5,0.0,1.060578475630706,-0.19638191259724425
61,1,0,8,0.5,0.24,1.060578475630706,-0.19638191259724425
62,1,1,25,0.5,0.5,1.060578475630706,-0.19638191259724425
63,1,0,5,0.5,0.0,1.060578475630706,-0.19638191259724425
64,1,0,8,0.5,0.24,1.060578475630706,-0.19638191259724425
65,1,1,12,0.75,0.0,1.060578475630706,-0.19638191259724425
66,1,1,12,0.5,0.5,1.060578475630706,-0.19638191259724425
67,1,1,25,0.5,0.24,1.060578475630706,-0.19638191259724425
68,1,1,25,0.25,0.0,1.060578475630706,-0.19638191259724425
69,1,1,25,0.5,0.24,1.060578475630706,-0.19638191259724425
70,1,1,12,0.5,0.5,1.060578475630706,-0.19638191259724425
71,1,1,25,0.5,0.74,1.060578475630706,-0.19638191259724425
72,1,1,25,0.5,0.0,1.060578475630706,-0.19638191259724425
73,1,1,25,0.5,0.5,1.060578475630706,-0.19638191259724425
74,1,1,12,0.5,0.74,1.060578475630706,-0.19638191259724425
75,1,1,25,0.25,0.0,1.060578475630706,-0.19638191259724425
76,1,1,25,0.5,0.0,1.060578475630706,-0.19638191259724425
77,1,1,12,0.5,0.74,1.060578475630706,-0.19638191259724425
78,1,1,12,0.75,0.0,1.060578475630706,-0.19638191259724425
79,1,1,8,0.5,0.0,1.060578475630706,-0.19638191259724425
80,1,0,12,0.25,0.0,1.060578475630706,-0.19638191259724425
81,1,1,12,0.75,0.0,1.060578475630706,-0.19638191259724425
82,1,1,12,0.5,0.24,1.060578475630706,-0.19638191259724425
83,1,0,8,0.25,0.0,1.060578475630706,-0.19638191259724425
84,2,0,5,0.25,0.0,0.4828975643594975,0.16631311153196165
85,2,0,5,0.5,0.5,0.4828975643594975,0.16631311153196165
86,2,1,12,0.5,0.74,0.4828975643594975,0.16631311153196165
87,2,1,25,0.5,0.74,0.4828975643594975,0.16631311153196165
88,2,0,8,0.5,0.5,0.4828975643594975,0.16631311153196165
89,2,0,8,0.5,0.24,0.4828975643594975,0.16631311153196165
90,2,1,12,0.5,0.74,0.4828975643594975,0.16631311153196165
91,2,1,8,0.75,0.0,0.4828975643594975,0.16631311153196165
92,2,1,8,0.25,0.0,0.4828975643594975,0.16631311153196165
93,2,0,12,0.25,0.0,0.4828975643594975,0.16631311153196165
94,2,1,25,0.5,0.24,0.4828975643594975,0.16631311153196165
95,2,0,8,0.5,0.74,0.4828975643594975,0.16631311153196165
96,2,1,25,0.5,0.5,0.4828975643594975,0.16631311153196165
97,2,0,8,0.5,0.5,0.4828975643594975,0.16631311153196165
98,2,0,12,0.25,0.0,0.4828975643594975,0.16631311153196165
99,2,0,25,0.5,0.5,0.4828975643594975,0.16631311153196165
100,2,1,25,0.75,0.0,0.4828975643594975,0.16631311153196165
101,2,1,5,0.5,0.24,0.4828975643594975,0.16631311153196165
102,2,1,8,0.5,0.74,0.4828975643594975,0.16631311153196165
103,2,0,25,0.25,0.0,0.4828975643594975,0.16631311153196165
104,2,0,8,0.5,0.0,0.4828975643594975,0.16631311153196165
105,2,1,5,0.75,0.0,0.4828975643594975,0.16631311153196165
106,2,1,8,0.5,0.0,0.4828975643594975,0.16631311153196165
107,2,0,8,0.5,0.74,0.4828975643594975,0.16631311153196165
108,2,0,5,0.5,0.74,0.4828975643594975,0.16631311153196165
109,2,0,8,0.5,0.5,0.4828975643594975,0.16631311153196165
110,2,1,25,0.5,0.74,0.4828975643594975,0.16631311153196165
111,2,1,8,0.5,0.24,0.4828975643594975,0.16631311153196165
112,2,0,8,0.75,0.0,0.4828975643594975,0.16631311153196165
113,2,1,25,0.75,0.0,0.4828975643594975,0.16631311153196165
114,2,1,8,0.25,0.0,0.4828975643594975,0.16631311153196165
115,2,0,8,0.75,0.0,0.4828975643594975,0.16631311153196165
116,2,0,8,0.25,0.0,0.4828975643594975,0.16631311153196165
117,2,0,25,0.75,0.0,0.4828975643594975,0.16631311153196165
118,2,0,12,0.5,0.5,0.4828975643594975,0.16631311153196165
119,2,0,12,0.5,0.0,0.4828975643594975,0.16631311153196165
120,2,0,25,0.25,0.0,0.4828975643594975,0.16631311153196165
121,2,0,8,0.5,0.5,0.4828975643594975,0.16631311153196165
122,2,1,5,0.75,0.0,0.4828975643594975,0.16631311153196165
123,2,1,5,0.5,0.0,0.4828975643594975,0.16631311153196165
124,2,0,8,0.75,0.0,0.4828975643594975,0.16631311153196165
125,2,1,25,0.5,0.0,0.4828975643594975,0.16631311153196165
126,2,1,5,0.25,0.0,0.4828975643594975,0.16631311153196165
127,2,0,12,0.5,0.0,0.4828975643594975,0.16631311153196165
128,2,1,12,0.5,0.24,0.4828975643594975,0.16631311153196165
129,2,1,25,0.75,0.0,0.4828975643594975,0.16631311153196165
130,2,0,8,0.5,0.0,0.4828975643594975,0.16631311153196165
131,2,0,5,0.25,0.0,0.4828975643594975,0.16631311153196165
132,2,0,12,0.5,0.0,0.4828975643594975,0.16631311153196165
133,2,0,12,0.5,0.0,0.4828975643594975,0.16631311153196165
134,2,0,12,0.5,0.5,0.4828975643594975,0.16631311153196165
135,2,1,12,0.25,0.0,0.4828975643594975,0.16631311153196165
136,2,1,12,0.75,0.0,0.4828975643594975,0.16631311153196165
137,2,0,5,0.5,0.5,0.4828975643594975,0.16631311153196165
138,2,0,25,0.5,0.74,0.4828975643594975,0.16631311153196165
139,2,0,12,0.5,0.24,0.4828975643594975,0.16631311153196165
140,2,0,5,0.25,0.0,0.4828975643594975,0.16631311153196165
141,2,0,8,0.5,0.74,0.4828975643594975,0.16631311153196165
142,2,1,12,0.5,0.24,0.4828975643594975,0.16631311153196165
143,2,1,25,0.5,0.24,0.4828975643594975,0.16631311153196165
144,2,0,25,0.5,0.0,0.4828975643594975,0.16631311153196165
145,2,0,8,0.5,0.24,0.4828975643594975,0.16631311153196165
146,2,0,25,0.5,0.5,0.4828975643594975,0.16631311153196165
147,2,0,5,0.5,0.0,0.4828975643594975,0.16631311153196165
148,2,1,8,0.5,0.24,0.4828975643594975,0.16631311153196165
149,2,0,12,0.75,0.0,0.4828975643594975,0.16631311153196165
150,2,0,12,0.5,0.5,0.4828975643594975,0.16631311153196165
151,2,1,25,0.5,0.24,0.4828975643594975,0.16631311153196165
152,2,0,25,0.25,0.0,0.4828975643594975,0.16631311153196165
153,2,1,25,0.5,0.24,0.4828975643594975,0.16631311153196165
154,2,0,12,0.5,0.5,0.4828975643594975,0.16631311153196165
155,2,0,25,0.5,0.74,0.4828975643594975,0.16631311153196165
156,2,0,25,0.5,0.0,0.4828975643594975,0.16631311153196165
157,2,1,25,0.5,0.5,0.4828975643594975,0.16631311153196165
158,2,0,12,0.5,0.74,0.4828975643594975,0.16631311153196165
159,2,0,25,0.25,0.0,0.4828975643594975,0.16631311153196165
160,2,1,25,0.5,0.0,0.4828975643594975,0.16631311153196165
161,2,0,12,0.5,0.74,0.4828975643594975,0.16631311153196165
162,2,1,12,0.75,0.0,0.4828975643594975,0.16631311153196165
163,2,0,8,0.5,0.0,0.4828975643594975,0.16631311153196165
164,2,1,12,0.25,0.0,0.4828975643594975,0.16631311153196165
165,2,1,12,0.75,0.0,0.4828975643594975,0.16631311153196165
166,2,0,12,0.5,0.24,0.4828975643594975,0.16631311153196165
167,2,0,8,0.25,0.0,0.4828975643594975,0.16631311153196165
168,3,0,5,0.25,0.0,0.813778099710834,1.1773595966855064
169,3,0,5,0.5,0.5,0.813778099710834,1.1773595966855064
170,3,0,12,0.5,0.74,0.813778099710834,1.1773595966855064
171,3,0,25,0.5,0.74,0.813778099710834,1.1773595966855064
172,3,0,8,0.5,0.5,0.813778099710834,1.1773595966855064
173,3,1,8,0.5,0.24,0.813778099710834,1.1773595966855064
174,3,0,12,0.5,0.74,0.813778099710834,1.1773595966855064
175,3,1,8,0.75,0.0,0.813778099710834,1.1773595966855064
176,3,0,8,0.25,0.0,0.813778099710834,1.1773595966855064
177,3,0,12,0.25,0.0,0.813778099710834,1.1773595966855064
178,3,1,25,0.5,0.24,0.813778099710834,1.1773595966855064
179,3,0,8,0.5,0.74,0.813778099710834,1.1773595966855064
180,3,0,25,0.5,0.5,0.813778099710834,1.1773595966855064
181,3,0,8,0.5,0.5,0.813778099710834,1.1773595966855064
182,3,0,12,0.25,0.0,0.813778099710834,1.1773595966855064
183,3,0,25,0.5,0.5,0.813778099710834,1.1773595966855064
184,3,1,25,0.75,0.0,0.813778099710834,1.1773595966855064
185,3,0,5,0.5,0.24,0.813778099710834,1.1773595966855064
186,3,0,8,0.5,0.74,0.813778099710834,1.1773595966855064
187,3,0,25,0.25,0.0,0.813778099710834,1.1773595966855064
188,3,0,8,0.5,0.0,0.813778099710834,1.1773595966855064
189,3,0,5,0.75,0.0,0.813778099710834,1.1773595966855064
190,3,0,8,0.5,0.0,0.813778099710834,1.1773595966855064
191,3,0,8,0.5,0.74,0.813778099710834,1.1773595966855064
192,3,0,5,0.5,0.74,0.813778099710834,1.1773595966855064
193,3,0,8,0.5,0.5,0.813778099710834,1.1773595966855064
194,3,0,25,0.5,0.74,0.813778099710834,1.1773595966855064
195,3,0,8,0.5,0.24,0.813778099710834,1.1773595966855064
196,3,1,8,0.75,0.0,0.813778099710834,1.1773595966855064
197,3,1,25,0.75,0.0,0.813778099710834,1.1773595966855064
198,3,0,8,0.25,0.0,0.813778099710834,1.1773595966855064
199,3,0,8,0.75,0.0,0.813778099710834,1.1773595966855064
200,3,0,8,0.25,0.0,0.813778099710834,1.1773595966855064
201,3,1,25,0.75,0.0,0.813778099710834,1.1773595966855064
202,3,0,12,0.5,0.5,0.813778099710834,1.1773595966855064
203,3,1,12,0.5,0.0,0.813778099710834,1.1773595966855064
204,3,1,25,0.25,0.0,0.813778099710834,1.1773595966855064
205,3,0,8,0.5,0.5,0.813778099710834,1.1773595966855064
206,3,0,5,0.75,0.0,0.813778099710834,1.1773595966855064
207,3,0,5,0.5,0.0,0.813778099710834,1.1773595966855064
208,3,1,8,0.75,0.0,0.813778099710834,1.1773595966855064
209,3,1,25,0.5,0.0,0.813778099710834,1.1773595966855064
210,3,0,5,0.25,0.0,0.813778099710834,1.1773595966855064
211,3,1,12,0.5,0.0,0.813778099710834,1.1773595966855064
212,3,0,12,0.5,0.24,0.813778099710834,1.1773595966855064
213,3,1,25,0.75,0.0,0.813778099710834,1.1773595966855064
214,3,0,8,0.5,0.0,0.813778099710834,1.1773595966855064
215,3,0,5,0.25,0.0,0.813778099710834,1.1773595966855064
216,3,1,12,0.5,0.0,0.813778099710834,1.1773595966855064
217,3,1,12,0.5,0.0,0.813778099710834,1.1773595966855064
218,3,1,12,0.5,0.5,0.813778099710834,1.1773595966855064
219,3,0,12,0.25,0.0,0.813778099710834,1.1773595966855064
220,3,1,12,0.75,0.0,0.813778099710834,1.1773595966855064
221,3,0,5,0.5,0.5,0.813778099710834,1.1773595966855064
222,3,0,25,0.5,0.74,0.813778099710834,1.1773595966855064
223,3,0,12,0.5,0.24,0.813778099710834,1.1773595966855064
224,3,0,5,0.25,0.0,0.813778099710834,1.1773595966855064
225,3,1,8,0.5,0.74,0.813778099710834,1.1773595966855064
226,3,0,12,0.5,0.24,0.813778099710834,1.1773595966855064
227,3,1,25,0.5,0.24,0.813778099710834,1.1773595966855064
228,3,1,25,0.5,0.0,0.813778099710834,1.1773595966855064
229,3,0,8,0.5,0.24,0.813778099710834,1.1773595966855064
230,3,0,25,0.5,0.5,0.813778099710834,1.1773595966855064
231,3,0,5,0.5,0.0,0.813778099710834,1.1773595966855064
232,3,0,8,0.5,0.24,0.813778099710834,1.1773595966855064
233,3,0,12,0.75,0.0,0.813778099710834,1.1773595966855064
234,3,1,12,0.5,0.5,0.813778099710834,1.1773595966855064
235,3,1,25,0.5,0.24,0.813778099710834,1.1773595966855064
236,3,1,25,0.25,0.0,0.813778099710834,1.1773595966855064
237,3,1,25,0.5,0.24,0.813778099710834,1.1773595966855064
238,3,0,12,0.5,0.5,0.813778099710834,1.1773595966855064
239,3,0,25,0.5,0.74,0.813778099710834,1.1773595966855064
240,3,1,25,0.5,0.0,0.813778099710834,1.1773595966855064
241,3,0,25,0.5,0.5,0.813778099710834,1.1773595966855064
242,3,0,12,0.5,0.74,0.813778099710834,1.1773595966855064
243,3,0,25,0.25,0.0,0.813778099710834,1.1773595966855064
244,3,1,25,0.5,0.0,0.813778099710834,1.1773595966855064
245,3,0,12,0.5,0.74,0.813778099710834,1.1773595966855064
246,3,0,12,0.75,0.0,0.813778099710834,1.1773595966855064
247,3,0,8,0.5,0.0,0.813778099710834,1.1773595966855064
248,3,0,12,0.25,0.0,0.813778099710834,1.1773595966855064
249,3,0,12,0.75,0.0,0.813778099710834,1.1773595966855064
250,3,0,12,0.5,0.24,0.813778099710834,1.1773595966855064
251,3,0,8,0.25,0.0,0.813778099710834,1.1773595966855064
252,4,0,5,0.25,0.0,1.3854370573610972,0.9102286490346676
253,4,0,5,0.5,0.5,1.3854370573610972,0.9102286490346676
254,4,0,12,0.5,0.74,1.3854370573610972,0.9102286490346676
255,4,1,25,0.5,0.74,1.3854370573610972,0.9102286490346676
256,4,0,8,0.5,0.5,1.3854370573610972,0.9102286490346676
257,4,0,8,0.5,0.24,1.3854370573610972,0.9102286490346676
258,4,0,12,0.5,0.74,1.3854370573610972,0.9102286490346676
259,4,1,8,0.75,0.0,1.3854370573610972,0.9102286490346676
260,4,0,8,0.25,0.0,1.3854370573610972,0.9102286490346676
261,4,0,12,0.25,0.0,1.3854370573610972,0.9102286490346676
262,4,1,25,0.5,0.24,1.3854370573610972,0.9102286490346676
263,4,0,8,0.5,0.74,1.3854370573610972,0.9102286490346676
264,4,1,25,0.5,0.5,1.3854370573610972,0.9102286490346676
265,4,0,8,0.5,0.5,1.3854370573610972,0.9102286490346676
266,4,0,12,0.25,0.0,1.3854370573610972,0.9102286490346676
267,4,1,25,0.5,0.5,1.3854370573610972,0.9102286490346676
268,4,1,25,0.75,0.0,1.3854370573610972,0.9102286490346676
269,4,0,5,0.5,0.24,1.3854370573610972,0.9102286490346676
270,4,0,8,0.5,0.74,1.3854370573610972,0.9102286490346676
271,4,1,25,0.25,0.0,1.3854370573610972,0.9102286490346676
272,4,0,8,0.5,0.0,1.3854370573610972,0.9102286490346676
273,4,0,5,0.75,0.0,1.3854370573610972,0.9102286490346676
274,4,0,8,0.5,0.0,1.3854370573610972,0.9102286490346676
275,4,0,8,0.5,0.74,1.3854370573610972,0.9102286490346676
276,4,0,5,0.5,0.74,1.3854370573610972,0.9102286490346676
277,4,0,8,0.5,0.5,1.3854370573610972,0.9102286490346676
278,4,1,25,0.5,0.74,1.3854370573610972,0.9102286490346676
279,4,0,8,0.5,0.24,1.3854370573610972,0.9102286490346676
280,4,1,8,0.75,0.0,1.3854370573610972,0.9102286490346676
281,4,1,25,0.75,0.0,1.3854370573610972,0.9102286490346676
282,4,0,8,0.25,0.0,1.3854370573610972,0.9102286490346676
283,4,1,8,0.75,0.0,1.3854370573610972,0.9102286490346676
284,4,0,8,0.25,0.0,1.3854370573610972,0.9102286490346676
285,4,1,25,0.75,0.0,1.3854370573610972,0.9102286490346676
286,4,1,12,0.5,0.5,1.3854370573610972,0.9102286490346676
287,4,1,12,0.5,0.0,1.3854370573610972,0.9102286490346676
288,4,1,25,0.25,0.0,1.3854370573610972,0.9102286490346676
289,4,0,8,0.5,0.5,1.3854370573610972,0.9102286490346676
290,4,0,5,0.75,0.0,1.3854370573610972,0.9102286490346676
291,4,0,5,0.5,0.0,1.3854370573610972,0.9102286490346676
292,4,1,8,0.75,0.0,1.3854370573610972,0.9102286490346676
293,4,1,25,0.5,0.0,1.3854370573610972,0.9102286490346676
294,4,0,5,0.25,0.0,1.3854370573610972,0.9102286490346676
295,4,1,12,0.5,0.0,1.3854370573610972,0.9102286490346676
296,4,1,12,0.5,0.24,1.3854370573610972,0.9102286490346676
297,4,1,25,0.75,0.0,1.3854370573610972,0.9102286490346676
298,4,1,8,0.5,0.0,1.3854370573610972,0.9102286490346676
299,4,0,5,0.25,0.0,1.3854370573610972,0.9102286490346676
300,4,1,12,0.5,0.0,1.3854370573610972,0.9102286490346676
301,4,1,12,0.5,0.0,1.3854370573610972,0.9102286490346676
302,4,0,12,0.5,0.5,1.3854370573610972,0.9102286490346676
303,4,0,12,0.25,0.0,1.3854370573610972,0.9102286490346676
304,4,1,12,0.75,0.0,1.3854370573610972,0.9102286490346676
305,4,0,5,0.5,0.5,1.3854370573610972,0.9102286490346676
306,4,1,25,0.5,0.74,1.3854370573610972,0.9102286490346676
307,4,1,12,0.5,0.24,1.3854370573610972,0.9102286490346676
308,4,0,5,0.25,0.0,1.3854370573610972,0.9102286490346676
309,4,0,8,0.5,0.74,1.3854370573610972,0.9102286490346676
310,4,1,12,0.5,0.24,1.3854370573610972,0.9102286490346676
311,4,1,25,0.5,0.24,1.3854370573610972,0.9102286490346676
312,4,1,25,0.5,0.0,1.3854370573610972,0.9102286490346676
313,4,0,8,0.5,0.24,1.3854370573610972,0.9102286490346676
314,4,1,25,0.5,0.5,1.3854370573610972,0.9102286490346676
315,4,0,5,0.5,0.0,1.3854370573610972,0.9102286490346676
316,4,0,8,0.5,0.24,1.3854370573610972,0.9102286490346676
317,4,1,12,0.75,0.0,1.3854370573610972,0.9102286490346676
318,4,0,12,0.5,0.5,1.3854370573610972,0.9102286490346676
319,4,1,25,0.5,0.24,1.3854370573610972,0.9102286490346676
320,4,1,25,0.25,0.0,1.3854370573610972,0.9102286490346676
321,4,1,25,0.5,0.24,1.3854370573610972,0.9102286490346676
322,4,0,12,0.5,0.5,1.3854370573610972,0.9102286490346676
323,4,1,25,0.5,0.74,1.3854370573610972,0.9102286490346676
324,4,1,25,0.5,0.0,1.3854370573610972,0.9102286490346676
325,4,1,25,0.5,0.5,1.3854370573610972,0.9102286490346676
326,4,0,12,0.5,0.74,1.3854370573610972,0.9102286490346676
327,4,1,25,0.25,0.0,1.3854370573610972,0.9102286490346676
328,4,1,25,0.5,0.0,1.3854370573610972,0.9102286490346676
329,4,0,12,0.5,0.74,1.3854370573610972,0.9102286490346676
330,4,1,12,0.75,0.0,1.3854370573610972,0.9102286490346676
331,4,1,8,0.5,0.0,1.3854370573610972,0.9102286490346676
332,4,0,12,0.25,0.0,1.3854370573610972,0.9102286490346676
333,4,1,12,0.75,0.0,1.3854370573610972,0.9102286490346676
334,4,1,12,0.5,0.24,1.3854370573610972,0.9102286490346676
335,4,0,8,0.25,0.0,1.3854370573610972,0.9102286490346676
336,5,0,5,0.25,0.0,0.07038533425954067,-0.3791658752604116
337,5,0,5,0.5,0.5,0.07038533425954067,-0.3791658752604116
338,5,0,12,0.5,0.74,0.07038533425954067,-0.3791658752604116
339,5,1,25,0.5,0.74,0.07038533425954067,-0.3791658752604116
340,5,1,8,0.5,0.5,0.07038533425954067,-0.3791658752604116
341,5,0,8,0.5,0.24,0.07038533425954067,-0.3791658752604116
342,5,1,12,0.5,0.74,0.07038533425954067,-0.3791658752604116
343,5,1,8,0.75,0.0,0.07038533425954067,-0.3791658752604116
344,5,0,8,0.25,0.0,0.07038533425954067,-0.3791658752604116
345,5,1,12,0.25,0.0,0.07038533425954067,-0.3791658752604116
346,5,0,25,0.5,0.24,0.07038533425954067,-0.3791658752604116
347,5,0,8,0.5,0.74,0.07038533425954067,-0.3791658752604116
348,5,1,25,0.5,0.5,0.07038533425954067,-0.3791658752604116
349,5,0,8,0.5,0.5,0.07038533425954067,-0.3791658752604116
350,5,0,12,0.25,0.0,0.07038533425954067,-0.3791658752604116
351,5,0,25,0.5,0.5,0.07038533425954067,-0.3791658752604116
352,5,0,25,0.75,0.0,0.07038533425954067,-0.3791658752604116
353,5,1,5,0.5,0.24,0.07038533425954067,-0.3791658752604116
354,5,0,8,0.5,0.74,0.07038533425954067,-0.3791658752604116
355,5,0,25,0.25,0.0,0.07038533425954067,-0.3791658752604116
356,5,0,8,0.5,0.0,0.07038533425954067,-0.3791658752604116
357,5,0,5,0.75,0.0,0.07038533425954067,-0.3791658752604116
358,5,0,8,0.5,0.0,0.07038533425954067,-0.3791658752604116
359,5,0,8,0.5,0.74,0.07038533425954067,-0.3791658752604116
360,5,1,5,0.5,0.74,0.07038533425954067,-0.3791658752604116
361,5,1,8,0.5,0.5,0.07038533425954067,-0.3791658752604116
362,5,0,25,0.5,0.74,0.07038533425954067,-0.3791658752604116
363,5,0,8,0.5,0.24,0.07038533425954067,-0.3791658752604116
364,5,1,8,0.75,0.0,0.07038533425954067,-0.3791658752604116
365,5,0,25,0.75,0.0,0.07038533425954067,-0.3791658752604116
366,5,1,8,0.25,0.0,0.07038533425954067,-0.3791658752604116
367,5,0,8,0.75,0.0,0.07038533425954067,-0.3791658752604116
368,5,1,8,0.25,0.0,0.07038533425954067,-0.3791658752604116
369,5,1,25,0.75,0.0,0.07038533425954067,-0.3791658752604116
370,5,0,12,0.5,0.5,0.07038533425954067,-0.3791658752604116
371,5,0,12,0.5,0.0,0.07038533425954067,-0.3791658752604116
372,5,0,25,0.25,0.0,0.07038533425954067,-0.3791658752604116
373,5,1,8,0.5,0.5,0.07038533425954067,-0.3791658752604116
374,5,1,5,0.75,0.0,0.07038533425954067,-0.3791658752604116
375,5,1,5,0.5,0.0,0.07038533425954067,-0.3791658752604116
376,5,1,8,0.75,0.0,0.07038533425954067,-0.3791658752604116
377,5,0,25,0.5,0.0,0.07038533425954067,-0.3791658752604116
378,5,0,5,0.25,0.0,0.07038533425954067,-0.3791658752604116
379,5,0,12,0.5,0.0,0.07038533425954067,-0.3791658752604116
380,5,0,12,0.5,0.24,0.07038533425954067,-0.3791658752604116
381,5,0,25,0.75,0.0,0.07038533425954067,-0.3791658752604116
382,5,1,8,0.5,0.0,0.07038533425954067,-0.3791658752604116
383,5,1,5,0.25,0.0,0.07038533425954067,-0.3791658752604116
384,5,0,12,0.5,0.0,0.07038533425954067,-0.3791658752604116
385,5,0,12,0.5,0.0,0.07038533425954067,-0.3791658752604116
386,5,0,12,0.5,0.5,0.07038533425954067,-0.3791658752604116
387,5,0,12,0.25,0.0,0.07038533425954067,-0.3791658752604116
388,5,0,12,0.75,0.0,0.07038533425954067,-0.3791658752604116
389,5,1,5,0.5,0.5,0.07038533425954067,-0.3791658752604116
390,5,1,25,0.5,0.74,0.07038533425954067,-0.3791658752604116
391,5,0,12,0.5,0.24,0.07038533425954067,-0.3791658752604116
392,5,0,5,0.25,0.0,0.07038533425954067,-0.3791658752604116
393,5,0,8,0.5,0.74,0.07038533425954067,-0.3791658752604116
394,5,1,12,0.5,0.24,0.07038533425954067,-0.3791658752604116
395,5,1,25,0.5,0.24,0.07038533425954067,-0.3791658752604116
396,5,1,25,0.5,0.0,0.07038533425954067,-0.3791658752604116
397,5,1,8,0.5,0.24,0.07038533425954067,-0.3791658752604116
398,5,1,25,0.5,0.5,0.07038533425954067,-0.3791658752604116
399,5,0,5,0.5,0.0,0.07038533425954067,-0.3791658752604116
400,5,1,8,0.5,0.24,0.07038533425954067,-0.3791658752604116
401,5,0,12,0.75,0.0,0.07038533425954067,-0.3791658752604116
402,5,0,12,0.5,0.5,0.07038533425954067,-0.3791658752604116
403,5,1,25,0.5,0.24,0.07038533425954067,-0.3791658752604116
404,5,0,25,0.25,0.0,0.07038533425954067,-0.3791658752604116
405,5,0,25,0.5,0.24,0.07038533425954067,-0.3791658752604116
406,5,0,12,0.5,0.5,0.07038533425954067,-0.3791658752604116
407,5,0,25,0.5,0.74,0.07038533425954067,-0.3791658752604116
408,5,1,25,0.5,0.0,0.07038533425954067,-0.3791658752604116
409,5,0,25,0.5,0.5,0.07038533425954067,-0.3791658752604116
410,5,1,12,0.5,0.74,0.07038533425954067,-0.3791658752604116
411,5,0,25,0.25,0.0,0.07038533425954067,-0.3791658752604116
412,5,0,25,0.5,0.0,0.07038533425954067,-0.3791658752604116
413,5,0,12,0.5,0.74,0.07038533425954067,-0.3791658752604116
414,5,0,12,0.75,0.0,0.07038533425954067,-0.3791658752604116
415,5,0,8,0.5,0.0,0.07038533425954067,-0.3791658752604116
416,5,0,12,0.25,0.0,0.07038533425954067,-0.3791658752604116
417,5,0,12,0.75,0.0,0.07038533425954067,-0.3791658752604116
418,5,0,12,0.5,0.24,0.07038533425954067,-0.3791658752604116
419,5,0,8,0.25,0.0,0.07038533425954067,-0.3791658752604116
420,6,0,5,0.25,0.0,0.8164115777883835,0.6487394075967989
421,6,0,5,0.5,0.5,0.8164115777883835,0.6487394075967989
422,6,0,12,0.5,0.74,0.8164115777883835,0.6487394075967989
423,6,1,25,0.5,0.74,0.8164115777883835,0.6487394075967989
424,6,0,8,0.5,0.5,0.8164115777883835,0.6487394075967989
425,6,1,8,0.5,0.24,0.8164115777883835,0.6487394075967989
426,6,0,12,0.5,0.74,0.8164115777883835,0.6487394075967989
427,6,0,8,0.75,0.0,0.8164115777883835,0.6487394075967989
428,6,0,8,0.25,0.0,0.8164115777883835,0.6487394075967989
429,6,0,12,0.25,0.0,0.8164115777883835,0.6487394075967989
430,6,1,25,0.5,0.24,0.8164115777883835,0.6487394075967989
431,6,1,8,0.5,0.74,0.8164115777883835,0.6487394075967989
432,6,1,25,0.5,0.5,0.8164115777883835,0.6487394075967989
433,6,0,8,0.5,0.5,0.8164115777883835,0.6487394075967989
434,6,0,12,0.25,0.0,0.8164115777883835,0.6487394075967989
435,6,0,25,0.5,0.5,0.8164115777883835,0.6487394075967989
436,6,1,25,0.75,0.0,0.8164115777883835,0.6487394075967989
437,6,0,5,0.5,0.24,0.8164115777883835,0.6487394075967989
438,6,0,8,0.5,0.74,0.8164115777883835,0.6487394075967989
439,6,1,25,0.25,0.0,0.8164115777883835,0.6487394075967989
440,6,0,8,0.5,0.0,0.8164115777883835,0.6487394075967989
441,6,0,5,0.75,0.0,0.8164115777883835,0.6487394075967989
442,6,0,8,0.5,0.0,0.8164115777883835,0.6487394075967989
443,6,0,8,0.5,0.74,0.8164115777883835,0.6487394075967989
444,6,0,5,0.5,0.74,0.8164115777883835,0.6487394075967989
445,6,0,8,0.5,0.5,0.8164115777883835,0.6487394075967989
446,6,0,25,0.5,0.74,0.8164115777883835,0.6487394075967989
447,6,0,8,0.5,0.24,0.8164115777883835,0.6487394075967989
448,6,0,8,0.75,0.0,0.8164115777883835,0.6487394075967989
449,6,1,25,0.75,0.0,0.8164115777883835,0.6487394075967989
450,6,0,8,0.25,0.0,0.8164115777883835,0.6487394075967989
451,6,1,8,0.75,0.0,0.8164115777883835,0.6487394075967989
452,6,0,8,0.25,0.0,0.8164115777883835,0.6487394075967989
453,6,1,25,0.75,0.0,0.8164115777883835,0.6487394075967989
454,6,0,12,0.5,0.5,0.8164115777883835,0.6487394075967989
455,6,0,12,0.5,0.0,0.8164115777883835,0.6487394075967989
456,6,0,25,0.25,0.0,0.8164115777883835,0.6487394075967989
457,6,0,8,0.5,0.5,0.8164115777883835,0.6487394075967989
458,6,0,5,0.75,0.0,0.8164115777883835,0.6487394075967989
459,6,0,5,0.5,0.0,0.8164115777883835,0.6487394075967989
460,6,1,8,0.75,0.0,0.8164115777883835,0.6487394075967989
461,6,1,25,0.5,0.0,0.8164115777883835,0.6487394075967989
462,6,0,5,0.25,0.0,0.8164115777883835,0.6487394075967989
463,6,1,12,0.5,0.0,0.8164115777883835,0.6487394075967989
464,6,1,12,0.5,0.24,0.8164115777883835,0.6487394075967989
465,6,1,25,0.75,0.0,0.8164115777883835,0.6487394075967989
466,6,1,8,0.5,0.0,0.8164115777883835,0.6487394075967989
467,6,0,5,0.25,0.0,0.8164115777883835,0.6487394075967989
468,6,1,12,0.5,0.0,0.8164115777883835,0.6487394075967989
469,6,1,12,0.5,0.0,0.8164115777883835,0.6487394075967989
470,6,0,12,0.5,0.5,0.8164115777883835,0.6487394075967989
471,6,0,12,0.25,0.0,0.8164115777883835,0.6487394075967989
472,6,1,12,0.75,0.0,0.8164115777883835,0.6487394075967989
473,6,0,5,0.5,0.5,0.8164115777883835,0.6487394075967989
474,6,1,25,0.5,0.74,0.8164115777883835,0.6487394075967989
475,6,0,12,0.5,0.24,0.8164115777883835,0.6487394075967989
476,6,0,5,0.25,0.0,0.8164115777883835,0.6487394075967989
477,6,0,8,0.5,0.74,0.8164115777883835,0.6487394075967989
478,6,0,12,0.5,0.24,0.8164115777883835,0.6487394075967989
479,6,1,25,0.5,0.24,0.8164115777883835,0.6487394075967989
480,6,1,25,0.5,0.0,0.8164115777883835,0.6487394075967989
481,6,0,8,0.5,0.24,0.8164115777883835,0.6487394075967989
482,6,1,25,0.5,0.5,0.8164115777883835,0.6487394075967989
483,6,0,5,0.5,0.0,0.8164115777883835,0.6487394075967989
484,6,0,8,0.5,0.24,0.8164115777883835,0.6487394075967989
485,6,1,12,0.75,0.0,0.8164115777883835,0.6487394075967989
486,6,1,12,0.5,0.5,0.8164115777883835,0.6487394075967989
487,6,1,25,0.5,0.24,0.8164115777883835,0.6487394075967989
488,6,1,25,0.25,0.0,0.8164115777883835,0.6487394075967989
489,6,1,25,0.5,0.24,0.8164115777883835,0.6487394075967989
490,6,1,12,0.5,0.5,0.8164115777883835,0.6487394075967989
491,6,1,25,0.5,0.74,0.8164115777883835,0.6487394075967989
492,6,1,25,0.5,0.0,0.8164115777883835,0.6487394075967989
493,6,1,25,0.5,0.5,0.8164115777883835,0.6487394075967989
494,6,0,12,0.5,0.74,0.8164115777883835,0.6487394075967989
495,6,1,25,0.25,0.0,0.8164115777883835,0.6487394075967989
496,6,1,25,0.5,0.0,0.8164115777883835,0.6487394075967989
497,6,0,12,0.5,0.74,0.8164115777883835,0.6487394075967989
498,6,1,12,0.75,0.0,0.8164115777883835,0.6487394075967989
499,6,0,8,0.5,0.0,0.8164115777883835,0.6487394075967989
500,6,0,12,0.25,0.0,0.8164115777883835,0.6487394075967989
501,6,1,12,0.75,0.0,0.8164115777883835,0.6487394075967989
502,6,1,12,0.5,0.24,0.8164115777883835,0.6487394075967989
503,6,0,8,0.25,0.0,0.8164115777883835,0.6487394075967989
504,7,1,5,0.25,0.0,0.3223522794927048,-0.5915906894771217
505,7,1,5,0.5,0.5,0.3223522794927048,-0.5915906894771217
506,7,0,12,0.5,0.74,0.3223522794927048,-0.5915906894771217
507,7,1,25,0.5,0.74,0.3223522794927048,-0.5915906894771217
508,7,0,8,0.5,0.5,0.3223522794927048,-0.5915906894771217
509,7,0,8,0.5,0.24,0.3223522794927048,-0.5915906894771217
510,7,1,12,0.5,0.74,0.3223522794927048,-0.5915906894771217
511,7,1,8,0.75,0.0,0.3223522794927048,-0.5915906894771217
512,7,0,8,0.25,0.0,0.3223522794927048,-0.5915906894771217
513,7,0,12,0.25,0.0,0.3223522794927048,-0.5915906894771217
514,7,1,25,0.5,0.24,0.3223522794927048,-0.5915906894771217
515,7,1,8,0.5,0.74,0.3223522794927048,-0.5915906894771217
516,7,0,25,0.5,0.5,0.3223522794927048,-0.5915906894771217
517,7,1,8,0.5,0.5,0.3223522794927048,-0.5915906894771217
518,7,0,12,0.25,0.0,0.3223522794927048,-0.5915906894771217
519,7,0,25,0.5,0.5,0.3223522794927048,-0.5915906894771217
520,7,1,25,0.75,0.0,0.3223522794927048,-0.5915906894771217
521,7,0,5,0.5,0.24,0.3223522794927048,-0.5915906894771217
522,7,0,8,0.5,0.74,0.3223522794927048,-0.5915906894771217
523,7,0,25,0.25,0.0,0.3223522794927048,-0.5915906894771217
524,7,0,8,0.5,0.0,0.3223522794927048,-0.5915906894771217
525,7,0,5,0.75,0.0,0.3223522794927048,-0.5915906894771217
526,7,0,8,0.5,0.0,0.3223522794927048,-0.5915906894771217
527,7,0,8,0.5,0.74,0.3223522794927048,-0.5915906894771217
528,7,1,5,0.5,0.74,0.3223522794927048,-0.5915906894771217
529,7,0,8,0.5,0.5,0.3223522794927048,-0.5915906894771217
530,7,0,25,0.5,0.74,0.3223522794927048,-0.5915906894771217
531,7,0,8,0.5,0.24,0.3223522794927048,-0.5915906894771217
532,7,1,8,0.75,0.0,0.3223522794927048,-0.5915906894771217
533,7,0,25,0.75,0.0,0.3223522794927048,-0.5915906894771217
534,7,0,8,0.25,0.0,0.3223522794927048,-0.5915906894771217
535,7,1,8,0.75,0.0,0.3223522794927048,-0.5915906894771217
536,7,1,8,0.25,0.0,0.3223522794927048,-0.5915906894771217
537,7,0,25,0.75,0.0,0.3223522794927048,-0.5915906894771217
538,7,1,12,0.5,0.5,0.3223522794927048,-0.5915906894771217
539,7,0,12,0.5,0.0,0.3223522794927048,-0.5915906894771217
540,7,1,25,0.25,0.0,0.3223522794927048,-0.5915906894771217
541,7,0,8,0.5,0.5,0.3223522794927048,-0.5915906894771217
542,7,0,5,0.75,0.0,0.3223522794927048,-0.5915906894771217
543,7,1,5,0.5,0.0,0.3223522794927048,-0.5915906894771217
544,7,0,8,0.75,0.0,0.3223522794927048,-0.5915906894771217
545,7,0,25,0.5,0.0,0.3223522794927048,-0.5915906894771217
546,7,1,5,0.25,0.0,0.3223522794927048,-0.5915906894771217
547,7,0,12,0.5,0.0,0.3223522794927048,-0.5915906894771217
548,7,1,12,0.5,0.24,0.3223522794927048,-0.5915906894771217
549,7,0,25,0.75,0.0,0.3223522794927048,-0.5915906894771217
550,7,0,8,0.5,0.0,0.3223522794927048,-0.5915906894771217
551,7,0,5,0.25,0.0,0.3223522794927048,-0.5915906894771217
552,7,1,12,0.5,0.0,0.3223522794927048,-0.5915906894771217
553,7,0,12,0.5,0.0,0.3223522794927048,-0.5915906894771217
554,7,1,12,0.5,0.5,0.3223522794927048,-0.5915906894771217
555,7,0,12,0.25,0.0,0.3223522794927048,-0.5915906894771217
556,7,0,12,0.75,0.0,0.3223522794927048,-0.5915906894771217
557,7,1,5,0.5,0.5,0.3223522794927048,-0.5915906894771217
558,7,1,25,0.5,0.74,0.3223522794927048,-0.5915906894771217
559,7,1,12,0.5,0.24,0.3223522794927048,-0.5915906894771217
560,7,0,5,0.25,0.0,0.3223522794927048,-0.5915906894771217
561,7,0,8,0.5,0.74,0.3223522794927048,-0.5915906894771217
562,7,0,12,0.5,0.24,0.3223522794927048,-0.5915906894771217
563,7,0,25,0.5,0.24,0.3223522794927048,-0.5915906894771217
564,7,1,25,0.5,0.0,0.3223522794927048,-0.5915906894771217
565,7,1,8,0.5,0.24,0.3223522794927048,-0.5915906894771217
566,7,1,25,0.5,0.5,0.3223522794927048,-0.5915906894771217
567,7,0,5,0.5,0.0,0.3223522794927048,-0.5915906894771217
568,7,0,8,0.5,0.24,0.3223522794927048,-0.5915906894771217
569,7,1,12,0.75,0.0,0.3223522794927048,-0.5915906894771217
570,7,0,12,0.5,0.5,0.3223522794927048,-0.5915906894771217
571,7,1,25,0.5,0.24,0.3223522794927048,-0.5915906894771217
572,7,0,25,0.25,0.0,0.3223522794927048,-0.5915906894771217
573,7,0,25,0.5,0.24,0.3223522794927048,-0.5915906894771217
574,7,0,12,0.5,0.5,0.3223522794927048,-0.5915906894771217
575,7,0,25,0.5,0.74,0.3223522794927048,-0.5915906894771217
576,7,1,25,0.5,0.0,0.3223522794927048,-0.5915906894771217
577,7,0,25,0.5,0.5,0.3223522794927048,-0.5915906894771217
578,7,1,12,0.5,0.74,0.3223522794927048,-0.5915906894771217
579,7,0,25,0.25,0.0,0.3223522794927048,-0.5915906894771217
580,7,0,25,0.5,0.0,0.3223522794927048,-0.5915906894771217
581,7,1,12,0.5,0.74,0.3223522794927048,-0.5915906894771217
582,7,0,12,0.75,0.0,0.3223522794927048,-0.5915906894771217
583,7,1,8,0.5,0.0,0.3223522794927048,-0.5915906894771217
584,7,1,12,0.25,0.0,0.3223522794927048,-0.5915906894771217
585,7,1,12,0.75,0.0,0.3223522794927048,-0.5915906894771217
586,7,0,12,0.5,0.24,0.3223522794927048,-0.5915906894771217
587,7,0,8,0.25,0.0,0.3223522794927048,-0.5915906894771217
588,8,0,5,0.25,0.0,0.46710011172845245,1.3175811467163494
589,8,0,5,0.5,0.5,0.46710011172845245,1.3175811467163494
590,8,0,12,0.5,0.74,0.46710011172845245,1.3175811467163494
591,8,0,25,0.5,0.74,0.46710011172845245,1.3175811467163494
592,8,0,8,0.5,0.5,0.46710011172845245,1.3175811467163494
593,8,1,8,0.5,0.24,0.46710011172845245,1.3175811467163494
594,8,0,12,0.5,0.74,0.46710011172845245,1.3175811467163494
595,8,1,8,0.75,0.0,0.46710011172845245,1.3175811467163494
596,8,0,8,0.25,0.0,0.46710011172845245,1.3175811467163494
597,8,0,12,0.25,0.0,0.46710011172845245,1.3175811467163494
598,8,0,25,0.5,0.24,0.46710011172845245,1.3175811467163494
599,8,0,8,0.5,0.74,0.46710011172845245,1.3175811467163494
600,8,0,25,0.5,0.5,0.46710011172845245,1.3175811467163494
601,8,0,8,0.5,0.5,0.46710011172845245,1.3175811467163494
602,8,0,12,0.25,0.0,0.46710011172845245,1.3175811467163494
603,8,1,25,0.5,0.5,0.46710011172845245,1.3175811467163494
604,8,1,25,0.75,0.0,0.46710011172845245,1.3175811467163494
605,8,0,5,0.5,0.24,0.46710011172845245,1.3175811467163494
606,8,0,8,0.5,0.74,0.46710011172845245,1.3175811467163494
607,8,1,25,0.25,0.0,0.46710011172845245,1.3175811467163494
608,8,0,8,0.5,0.0,0.46710011172845245,1.3175811467163494
609,8,1,5,0.75,0.0,0.46710011172845245,1.3175811467163494
610,8,0,8,0.5,0.0,0.46710011172845245,1.3175811467163494
611,8,0,8,0.5,0.74,0.46710011172845245,1.3175811467163494
612,8,0,5,0.5,0.74,0.46710011172845245,1.3175811467163494
613,8,0,8,0.5,0.5,0.46710011172845245,1.3175811467163494
614,8,0,25,0.5,0.74,0.46710011172845245,1.3175811467163494
615,8,0,8,0.5,0.24,0.46710011172845245,1.3175811467163494
616,8,0,8,0.75,0.0,0.46710011172845245,1.3175811467163494
617,8,1,25,0.75,0.0,0.46710011172845245,1.3175811467163494
618,8,0,8,0.25,0.0,0.46710011172845245,1.3175811467163494
619,8,0,8,0.75,0.0,0.46710011172845245,1.3175811467163494
620,8,0,8,0.25,0.0,0.46710011172845245,1.3175811467163494
621,8,1,25,0.75,0.0,0.46710011172845245,1.3175811467163494
622,8,1,12,0.5,0.5,0.46710011172845245,1.3175811467163494
623,8,0,12,0.5,0.0,0.46710011172845245,1.3175811467163494
624,8,1,25,0.25,0.0,0.46710011172845245,1.3175811467163494
625,8,0,8,0.5,0.5,0.46710011172845245,1.3175811467163494
626,8,0,5,0.75,0.0,0.46710011172845245,1.3175811467163494
627,8,0,5,0.5,0.0,0.46710011172845245,1.3175811467163494
628,8,0,8,0.75,0.0,0.46710011172845245,1.3175811467163494
629,8,0,25,0.5,0.0,0.46710011172845245,1.3175811467163494
630,8,0,5,0.25,0.0,0.46710011172845245,1.3175811467163494
631,8,1,12,0.5,0.0,0.46710011172845245,1.3175811467163494
632,8,0,12,0.5,0.24,0.46710011172845245,1.3175811467163494
633,8,1,25,0.75,0.0,0.46710011172845245,1.3175811467163494
634,8,0,8,0.5,0.0,0.46710011172845245,1.3175811467163494
635,8,0,5,0.25,0.0,0.46710011172845245,1.3175811467163494
636,8,1,12,0.5,0.0,0.46710011172845245,1.3175811467163494
637,8,0,12,0.5,0.0,0.46710011172845245,1.3175811467163494
638,8,0,12,0.5,0.5,0.46710011172845245,1.3175811467163494
639,8,0,12,0.25,0.0,0.46710011172845245,1.3175811467163494
640,8,0,12,0.75,0.0,0.46710011172845245,1.3175811467163494
641,8,0,5,0.5,0.5,0.46710011172845245,1.3175811467163494
642,8,0,25,0.5,0.74,0.46710011172845245,1.3175811467163494
643,8,0,12,0.5,0.24,0.46710011172845245,1.3175811467163494
644,8,0,5,0.25,0.0,0.46710011172845245,1.3175811467163494
645,8,0,8,0.5,0.74,0.46710011172845245,1.3175811467163494
646,8,1,12,0.5,0.24,0.46710011172845245,1.3175811467163494
647,8,1,25,0.5,0.24,0.46710011172845245,1.3175811467163494
648,8,1,25,0.5,0.0,0.46710011172845245,1.3175811467163494
649,8,0,8,0.5,0.24,0.46710011172845245,1.3175811467163494
650,8,0,25,0.5,0.5,0.46710011172845245,1.3175811467163494
651,8,1,5,0.5,0.0,0.46710011172845245,1.3175811467163494
652,8,0,8,0.5,0.24,0.46710011172845245,1.3175811467163494
653,8,1,12,0.75,0.0,0.46710011172845245,1.3175811467163494
654,8,1,12,0.5,0.5,0.46710011172845245,1.3175811467163494
655,8,1,25,0.5,0.24,0.46710011172845245,1.3175811467163494
656,8,0,25,0.25,0.0,0.46710011172845245,1.3175811467163494
657,8,0,25,0.5,0.24,0.46710011172845245,1.3175811467163494
658,8,0,12,0.5,0.5,0.46710011172845245,1.3175811467163494
659,8,0,25,0.5,0.74,0.46710011172845245,1.3175811467163494
660,8,1,25,0.5,0.0,0.46710011172845245,1.3175811467163494
661,8,0,25,0.5,0.5,0.46710011172845245,1.3175811467163494
662,8,0,12,0.5,0.74,0.46710011172845245,1.3175811467163494
663,8,0,25,0.25,0.0,0.46710011172845245,1.3175811467163494
664,8,1,25,0.5,0.0,0.46710011172845245,1.3175811467163494
665,8,0,12,0.5,0.74,0.46710011172845245,1.3175811467163494
666,8,1,12,0.75,0.0,0.46710011172845245,1.3175811467163494
667,8,0,8,0.5,0.0,0.46710011172845245,1.3175811467163494
668,8,1,12,0.25,0.0,0.46710011172845245,1.3175811467163494
669,8,1,12,0.75,0.0,0.46710011172845245,1.3175811467163494
670,8,0,12,0.5,0.24,0.46710011172845245,1.3175811467163494
671,8,0,8,0.25,0.0,0.46710011172845245,1.3175811467163494
672,9,0,5,0.25,0.0,0.13652374868754083,-0.596886852448743
673,9,1,5,0.5,0.5,0.13652374868754083,-0.596886852448743
674,9,1,12,0.5,0.74,0.13652374868754083,-0.596886852448743
675,9,0,25,0.5,0.74,0.13652374868754083,-0.596886852448743
676,9,1,8,0.5,0.5,0.13652374868754083,-0.596886852448743
677,9,0,8,0.5,0.24,0.13652374868754083,-0.596886852448743
678,9,1,12,0.5,0.74,0.13652374868754083,-0.596886852448743
679,9,0,8,0.75,0.0,0.13652374868754083,-0.596886852448743
680,9,0,8,0.25,0.0,0.13652374868754083,-0.596886852448743
681,9,1,12,0.25,0.0,0.13652374868754083,-0.596886852448743
682,9,0,25,0.5,0.24,0.13652374868754083,-0.596886852448743
683,9,1,8,0.5,0.74,0.13652374868754083,-0.596886852448743
684,9,0,25,0.5,0.5,0.13652374868754083,-0.596886852448743
685,9,0,8,0.5,0.5,0.13652374868754083,-0.596886852448743
686,9,1,12,0.25,0.0,0.13652374868754083,-0.596886852448743
687,9,0,25,0.5,0.5,0.13652374868754083,-0.596886852448743
688,9,0,25,0.75,0.0,0.13652374868754083,-0.596886852448743
689,9,0,5,0.5,0.24,0.13652374868754083,-0.596886852448743
690,9,1,8,0.5,0.74,0.13652374868754083,-0.596886852448743
691,9,0,25,0.25,0.0,0.13652374868754083,-0.596886852448743
692,9,0,8,0.5,0.0,0.13652374868754083,-0.596886852448743
693,9,0,5,0.75,0.0,0.13652374868754083,-0.596886852448743
694,9,0,8,0.5,0.0,0.13652374868754083,-0.596886852448743
695,9,1,8,0.5,0.74,0.13652374868754083,-0.596886852448743
696,9,1,5,0.5,0.74,0.13652374868754083,-0.596886852448743
697,9,0,8,0.5,0.5,0.13652374868754083,-0.596886852448743
698,9,0,25,0.5,0.74,0.13652374868754083,-0.596886852448743
699,9,0,8,0.5,0.24,0.13652374868754083,-0.596886852448743
700,9,1,8,0.75,0.0,0.13652374868754083,-0.596886852448743
701,9,1,25,0.75,0.0,0.13652374868754083,-0.596886852448743
702,9,1,8,0.25,0.0,0.13652374868754083,-0.596886852448743
703,9,1,8,0.75,0.0,0.13652374868754083,-0.596886852448743
704,9,1,8,0.25,0.0,0.13652374868754083,-0.596886852448743
705,9,0,25,0.75,0.0,0.13652374868754083,-0.596886852448743
706,9,0,12,0.5,0.5,0.13652374868754083,-0.596886852448743
707,9,1,12,0.5,0.0,0.13652374868754083,-0.596886852448743
708,9,1,25,0.25,0.0,0.13652374868754083,-0.596886852448743
709,9,0,8,0.5,0.5,0.13652374868754083,-0.596886852448743
710,9,1,5,0.75,0.0,0.13652374868754083,-0.596886852448743
711,9,0,5,0.5,0.0,0.13652374868754083,-0.596886852448743
712,9,0,8,0.75,0.0,0.13652374868754083,-0.596886852448743
713,9,0,25,0.5,0.0,0.13652374868754083,-0.596886852448743
714,9,0,5,0.25,0.0,0.13652374868754083,-0.596886852448743
715,9,0,12,0.5,0.0,0.13652374868754083,-0.596886852448743
716,9,1,12,0.5,0.24,0.13652374868754083,-0.596886852448743
717,9,0,25,0.75,0.0,0.13652374868754083,-0.596886852448743
718,9,0,8,0.5,0.0,0.13652374868754083,-0.596886852448743
719,9,0,5,0.25,0.0,0.13652374868754083,-0.596886852448743
720,9,0,12,0.5,0.0,0.13652374868754083,-0.596886852448743
721,9,0,12,0.5,0.0,0.13652374868754083,-0.596886852448743
722,9,1,12,0.5,0.5,0.13652374868754083,-0.596886852448743
723,9,0,12,0.25,0.0,0.13652374868754083,-0.596886852448743
724,9,0,12,0.75,0.0,0.13652374868754083,-0.596886852448743
725,9,1,5,0.5,0.5,0.13652374868754083,-0.596886852448743
726,9,0,25,0.5,0.74,0.13652374868754083,-0.596886852448743
727,9,0,12,0.5,0.24,0.13652374868754083,-0.596886852448743
728,9,0,5,0.25,0.0,0.13652374868754083,-0.596886852448743
729,9,0,8,0.5,0.74,0.13652374868754083,-0.596886852448743
730,9,0,12,0.5,0.24,0.13652374868754083,-0.596886852448743
731,9,1,25,0.5,0.24,0.13652374868754083,-0.596886852448743
732,9,0,25,0.5,0.0,0.13652374868754083,-0.596886852448743
733,9,1,8,0.5,0.24,0.13652374868754083,-0.596886852448743
734,9,1,25,0.5,0.5,0.13652374868754083,-0.596886852448743
735,9,0,5,0.5,0.0,0.13652374868754083,-0.596886852448743
736,9,1,8,0.5,0.24,0.13652374868754083,-0.596886852448743
737,9,1,12,0.75,0.0,0.13652374868754083,-0.596886852448743
738,9,0,12,0.5,0.5,0.13652374868754083,-0.596886852448743
739,9,1,25,0.5,0.24,0.13652374868754083,-0.596886852448743
740,9,0,25,0.25,0.0,0.13652374868754083,-0.596886852448743
741,9,1,25,0.5,0.24,0.13652374868754083,-0.596886852448743
742,9,0,12,0.5,0.5,0.13652374868754083,-0.596886852448743
743,9,1,25,0.5,0.74,0.13652374868754083,-0.596886852448743
744,9,0,25,0.5,0.0,0.13652374868754083,-0.596886852448743
745,9,1,25,0.5,0.5,0.13652374868754083,-0.596886852448743
746,9,0,12,0.5,0.74,0.13652374868754083,-0.596886852448743
747,9,0,25,0.25,0.0,0.13652374868754083,-0.596886852448743
748,9,0,25,0.5,0.0,0.13652374868754083,-0.596886852448743
749,9,0,12,0.5,0.74,0.13652374868754083,-0.596886852448743
750,9,0,12,0.75,0.0,0.13652374868754083,-0.596886852448743
751,9,0,8,0.5,0.0,0.13652374868754083,-0.596886852448743
752,9,0,12,0.25,0.0,0.13652374868754083,-0.596886852448743
753,9,1,12,0.75,0.0,0.13652374868754083,-0.596886852448743
754,9,1,12,0.5,0.24,0.13652374868754083,-0.596886852448743
755,9,0,8,0.25,0.0,0.13652374868754083,-0.596886852448743
756,10,0,5,0.25,0.0,0.31440928400165324,-0.7458247806959177
757,10,0,5,0.5,0.5,0.31440928400165324,-0.7458247806959177
758,10,1,12,0.5,0.74,0.31440928400165324,-0.7458247806959177
759,10,1,25,0.5,0.74,0.31440928400165324,-0.7458247806959177
760,10,1,8,0.5,0.5,0.31440928400165324,-0.7458247806959177
761,10,1,8,0.5,0.24,0.31440928400165324,-0.7458247806959177
762,10,0,12,0.5,0.74,0.31440928400165324,-0.7458247806959177
763,10,0,8,0.75,0.0,0.31440928400165324,-0.7458247806959177
764,10,0,8,0.25,0.0,0.31440928400165324,-0.7458247806959177
765,10,0,12,0.25,0.0,0.31440928400165324,-0.7458247806959177
766,10,0,25,0.5,0.24,0.31440928400165324,-0.7458247806959177
767,10,0,8,0.5,0.74,0.31440928400165324,-0.7458247806959177
768,10,1,25,0.5,0.5,0.31440928400165324,-0.7458247806959177
769,10,1,8,0.5,0.5,0.31440928400165324,-0.7458247806959177
770,10,0,12,0.25,0.0,0.31440928400165324,-0.7458247806959177
771,10,1,25,0.5,0.5,0.31440928400165324,-0.7458247806959177
772,10,0,25,0.75,0.0,0.31440928400165324,-0.7458247806959177
773,10,0,5,0.5,0.24,0.31440928400165324,-0.7458247806959177
774,10,1,8,0.5,0.74,0.31440928400165324,-0.7458247806959177
775,10,0,25,0.25,0.0,0.31440928400165324,-0.7458247806959177
776,10,0,8,0.5,0.0,0.31440928400165324,-0.7458247806959177
777,10,1,5,0.75,0.0,0.31440928400165324,-0.7458247806959177
778,10,1,8,0.5,0.0,0.31440928400165324,-0.7458247806959177
779,10,0,8,0.5,0.74,0.31440928400165324,-0.7458247806959177
780,10,0,5,0.5,0.74,0.31440928400165324,-0.7458247806959177
781,10,0,8,0.5,0.5,0.31440928400165324,-0.7458247806959177
782,10,1,25,0.5,0.74,0.31440928400165324,-0.7458247806959177
783,10,1,8,0.5,0.24,0.31440928400165324,-0.7458247806959177
784,10,0,8,0.75,0.0,0.31440928400165324,-0.7458247806959177
785,10,0,25,0.75,0.0,0.31440928400165324,-0.7458247806959177
786,10,0,8,0.25,0.0,0.31440928400165324,-0.7458247806959177
787,10,0,8,0.75,0.0,0.31440928400165324,-0.7458247806959177
788,10,0,8,0.25,0.0,0.31440928400165324,-0.7458247806959177
789,10,1,25,0.75,0.0,0.31440928400165324,-0.7458247806959177
790,10,1,12,0.5,0.5,0.31440928400165324,-0.7458247806959177
791,10,1,12,0.5,0.0,0.31440928400165324,-0.7458247806959177
792,10,0,25,0.25,0.0,0.31440928400165324,-0.7458247806959177
793,10,0,8,0.5,0.5,0.31440928400165324,-0.7458247806959177
794,10,1,5,0.75,0.0,0.31440928400165324,-0.7458247806959177
795,10,0,5,0.5,0.0,0.31440928400165324,-0.7458247806959177
796,10,1,8,0.75,0.0,0.31440928400165324,-0.7458247806959177
797,10,1,25,0.5,0.0,0.31440928400165324,-0.7458247806959177
798,10,0,5,0.25,0.0,0.31440928400165324,-0.7458247806959177
799,10,0,12,0.5,0.0,0.31440928400165324,-0.7458247806959177
800,10,0,12,0.5,0.24,0.31440928400165324,-0.7458247806959177
801,10,1,25,0.75,0.0,0.31440928400165324,-0.7458247806959177
802,10,1,8,0.5,0.0,0.31440928400165324,-0.7458247806959177
803,10,0,5,0.25,0.0,0.31440928400165324,-0.7458247806959177
804,10,1,12,0.5,0.0,0.31440928400165324,-0.7458247806959177
805,10,1,12,0.5,0.0,0.31440928400165324,-0.7458247806959177
806,10,0,12,0.5,0.5,0.31440928400165324,-0.7458247806959177
807,10,0,12,0.25,0.0,0.31440928400165324,-0.7458247806959177
808,10,1,12,0.75,0.0,0.31440928400165324,-0.7458247806959177
809,10,1,5,0.5,0.5,0.31440928400165324,-0.7458247806959177
810,10,0,25,0.5,0.74,0.31440928400165324,-0.7458247806959177
811,10,1,12,0.5,0.24,0.31440928400165324,-0.7458247806959177
812,10,0,5,0.25,0.0,0.31440928400165324,-0.7458247806959177
813,10,0,8,0.5,0.74,0.31440928400165324,-0.7458247806959177
814,10,1,12,0.5,0.24,0.31440928400165324,-0.7458247806959177
815,10,0,25,0.5,0.24,0.31440928400165324,-0.7458247806959177
816,10,1,25,0.5,0.0,0.31440928400165324,-0.7458247806959177
817,10,0,8,0.5,0.24,0.31440928400165324,-0.7458247806959177
818,10,0,25,0.5,0.5,0.31440928400165324,-0.7458247806959177
819,10,1,5,0.5,0.0,0.31440928400165324,-0.7458247806959177
820,10,1,8,0.5,0.24,0.31440928400165324,-0.7458247806959177
821,10,1,12,0.75,0.0,0.31440928400165324,-0.7458247806959177
822,10,0,12,0.5,0.5,0.31440928400165324,-0.7458247806959177
823,10,0,25,0.5,0.24,0.31440928400165324,-0.7458247806959177
824,10,0,25,0.25,0.0,0.31440928400165324,-0.7458247806959177
825,10,0,25,0.5,0.24,0.31440928400165324,-0.7458247806959177
826,10,0,12,0.5,0.5,0.31440928400165324,-0.7458247806959177
827,10,0,25,0.5,0.74,0.31440928400165324,-0.7458247806959177
828,10,0,25,0.5,0.0,0.31440928400165324,-0.7458247806959177
829,10,0,25,0.5,0.5,0.31440928400165324,-0.7458247806959177
830,10,1,12,0.5,0.74,0.31440928400165324,-0.7458247806959177
831,10,0,25,0.25,0.0,0.31440928400165324,-0.7458247806959177
832,10,1,25,0.5,0.0,0.31440928400165324,-0.7458247806959177
833,10,1,12,0.5,0.74,0.31440928400165324,-0.7458247806959177
834,10,1,12,0.75,0.0,0.31440928400165324,-0.7458247806959177
835,10,0,8,0.5,0.0,0.31440928400165324,-0.7458247806959177
836,10,0,12,0.25,0.0,0.31440928400165324,-0.7458247806959177
837,10,1,12,0.75,0.0,0.31440928400165324,-0.7458247806959177
838,10,1,12,0.5,0.24,0.31440928400165324,-0.7458247806959177
839,10,0,8,0.25,0.0,0.31440928400165324,-0.7458247806959177
840,11,0,5,0.25,0.0,0.8042056773829958,1.262602221435315
841,11,1,5,0.5,0.5,0.8042056773829958,1.262602221435315
842,11,0,12,0.5,0.74,0.8042056773829958,1.262602221435315
843,11,0,25,0.5,0.74,0.8042056773829958,1.262602221435315
844,11,0,8,0.5,0.5,0.8042056773829958,1.262602221435315
845,11,0,8,0.5,0.24,0.8042056773829958,1.262602221435315
846,11,0,12,0.5,0.74,0.8042056773829958,1.262602221435315
847,11,0,8,0.75,0.0,0.8042056773829958,1.262602221435315
848,11,0,8,0.25,0.0,0.8042056773829958,1.262602221435315
849,11,0,12,0.25,0.0,0.8042056773829958,1.262602221435315
850,11,1,25,0.5,0.24,0.8042056773829958,1.262602221435315
851,11,0,8,0.5,0.74,0.8042056773829958,1.262602221435315
852,11,1,25,0.5,0.5,0.8042056773829958,1.262602221435315
853,11,0,8,0.5,0.5,0.8042056773829958,1.262602221435315
854,11,0,12,0.25,0.0,0.8042056773829958,1.262602221435315
855,11,0,25,0.5,0.5,0.8042056773829958,1.262602221435315
856,11,1,25,0.75,0.0,0.8042056773829958,1.262602221435315
857,11,0,5,0.5,0.24,0.8042056773829958,1.262602221435315
858,11,0,8,0.5,0.74,0.8042056773829958,1.262602221435315
859,11,1,25,0.25,0.0,0.8042056773829958,1.262602221435315
860,11,1,8,0.5,0.0,0.8042056773829958,1.262602221435315
861,11,1,5,0.75,0.0,0.8042056773829958,1.262602221435315
862,11,0,8,0.5,0.0,0.8042056773829958,1.262602221435315
863,11,0,8,0.5,0.74,0.8042056773829958,1.262602221435315
864,11,0,5,0.5,0.74,0.8042056773829958,1.262602221435315
865,11,0,8,0.5,0.5,0.8042056773829958,1.262602221435315
866,11,0,25,0.5,0.74,0.8042056773829958,1.262602221435315
867,11,0,8,0.5,0.24,0.8042056773829958,1.262602221435315
868,11,1,8,0.75,0.0,0.8042056773829958,1.262602221435315
869,11,1,25,0.75,0.0,0.8042056773829958,1.262602221435315
870,11,0,8,0.25,0.0,0.8042056773829958,1.262602221435315
871,11,1,8,0.75,0.0,0.8042056773829958,1.262602221435315
872,11,0,8,0.25,0.0,0.8042056773829958,1.262602221435315
873,11,1,25,0.75,0.0,0.8042056773829958,1.262602221435315
874,11,0,12,0.5,0.5,0.8042056773829958,1.262602221435315
875,11,1,12,0.5,0.0,0.8042056773829958,1.262602221435315
876,11,0,25,0.25,0.0,0.8042056773829958,1.262602221435315
877,11,0,8,0.5,0.5,0.8042056773829958,1.262602221435315
878,11,1,5,0.75,0.0,0.8042056773829958,1.262602221435315
879,11,0,5,0.5,0.0,0.8042056773829958,1.262602221435315
880,11,0,8,0.75,0.0,0.8042056773829958,1.262602221435315
881,11,1,25,0.5,0.0,0.8042056773829958,1.262602221435315
882,11,0,5,0.25,0.0,0.8042056773829958,1.262602221435315
883,11,1,12,0.5,0.0,0.8042056773829958,1.262602221435315
884,11,0,12,0.5,0.24,0.8042056773829958,1.262602221435315
885,11,1,25,0.75,0.0,0.8042056773829958,1.262602221435315
886,11,1,8,0.5,0.0,0.8042056773829958,1.262602221435315
887,11,0,5,0.25,0.0,0.8042056773829958,1.262602221435315
888,11,1,12,0.5,0.0,0.8042056773829958,1.262602221435315
889,11,1,12,0.5,0.0,0.8042056773829958,1.262602221435315
890,11,0,12,0.5,0.5,0.8042056773829958,1.262602221435315
891,11,0,12,0.25,0.0,0.8042056773829958,1.262602221435315
892,11,1,12,0.75,0.0,0.8042056773829958,1.262602221435315
893,11,0,5,0.5,0.5,0.8042056773829958,1.262602221435315
894,11,0,25,0.5,0.74,0.8042056773829958,1.262602221435315
895,11,1,12,0.5,0.24,0.8042056773829958,1.262602221435315
896,11,0,5,0.25,0.0,0.8042056773829958,1.262602221435315
897,11,0,8,0.5,0.74,0.8042056773829958,1.262602221435315
898,11,0,12,0.5,0.24,0.8042056773829958,1.262602221435315
899,11,1,25,0.5,0.24,0.8042056773829958,1.262602221435315
900,11,1,25,0.5,0.0,0.8042056773829958,1.262602221435315
901,11,0,8,0.5,0.24,0.8042056773829958,1.262602221435315
902,11,0,25,0.5,0.5,0.8042056773829958,1.262602221435315
903,11,0,5,0.5,0.0,0.8042056773829958,1.262602221435315
904,11,0,8,0.5,0.24,0.8042056773829958,1.262602221435315
905,11,0,12,0.75,0.0,0.8042056773829958,1.262602221435315
906,11,0,12,0.5,0.5,0.8042056773829958,1.262602221435315
907,11,1,25,0.5,0.24,0.8042056773829958,1.262602221435315
908,11,0,25,0.25,0.0,0.8042056773829958,1.262602221435315
909,11,1,25,0.5,0.24,0.8042056773829958,1.262602221435315
910,11,0,12,0.5,0.5,0.8042056773829958,1.262602221435315
911,11,0,25,0.5,0.74,0.8042056773829958,1.262602221435315
912,11,1,25,0.5,0.0,0.8042056773829958,1.262602221435315
913,11,1,25,0.5,0.5,0.8042056773829958,1.262602221435315
914,11,0,12,0.5,0.74,0.8042056773829958,1.262602221435315
915,11,1,25,0.25,0.0,0.8042056773829958,1.262602221435315
916,11,1,25,0.5,0.0,0.8042056773829958,1.262602221435315
917,11,0,12,0.5,0.74,0.8042056773829958,1.262602221435315
918,11,1,12,0.75,0.0,0.8042056773829958,1.262602221435315
919,11,0,8,0.5,0.0,0.8042056773829958,1.262602221435315
920,11,0,12,0.25,0.0,0.8042056773829958,1.262602221435315
921,11,1,12,0.75,0.0,0.8042056773829958,1.262602221435315
922,11,1,12,0.5,0.24,0.8042056773829958,1.262602221435315
923,11,0,8,0.25,0.0,0.8042056773829958,1.262602221435315
924,12,0,5,0.25,0.0,0.7816402182935412,0.6254736693122511
925,12,0,5,0.5,0.5,0.7816402182935412,0.6254736693122511
926,12,0,12,0.5,0.74,0.7816402182935412,0.6254736693122511
927,12,0,25,0.5,0.74,0.7816402182935412,0.6254736693122511
928,12,0,8,0.5,0.5,0.7816402182935412,0.6254736693122511
929,12,0,8,0.5,0.24,0.7816402182935412,0.6254736693122511
930,12,0,12,0.5,0.74,0.7816402182935412,0.6254736693122511
931,12,1,8,0.75,0.0,0.7816402182935412,0.6254736693122511
932,12,0,8,0.25,0.0,0.7816402182935412,0.6254736693122511
933,12,0,12,0.25,0.0,0.7816402182935412,0.6254736693122511
934,12,1,25,0.5,0.24,0.7816402182935412,0.6254736693122511
935,12,1,8,0.5,0.74,0.7816402182935412,0.6254736693122511
936,12,1,25,0.5,0.5,0.7816402182935412,0.6254736693122511
937,12,0,8,0.5,0.5,0.7816402182935412,0.6254736693122511
938,12,0,12,0.25,0.0,0.7816402182935412,0.6254736693122511
939,12,0,25,0.5,0.5,0.7816402182935412,0.6254736693122511
940,12,1,25,0.75,0.0,0.7816402182935412,0.6254736693122511
941,12,1,5,0.5,0.24,0.7816402182935412,0.6254736693122511
942,12,0,8,0.5,0.74,0.7816402182935412,0.6254736693122511
943,12,1,25,0.25,0.0,0.7816402182935412,0.6254736693122511
944,12,0,8,0.5,0.0,0.7816402182935412,0.6254736693122511
945,12,1,5,0.75,0.0,0.7816402182935412,0.6254736693122511
946,12,0,8,0.5,0.0,0.7816402182935412,0.6254736693122511
947,12,0,8,0.5,0.74,0.7816402182935412,0.6254736693122511
948,12,0,5,0.5,0.74,0.7816402182935412,0.6254736693122511
949,12,0,8,0.5,0.5,0.7816402182935412,0.6254736693122511
950,12,1,25,0.5,0.74,0.7816402182935412,0.6254736693122511
951,12,0,8,0.5,0.24,0.7816402182935412,0.6254736693122511
952,12,0,8,0.75,0.0,0.7816402182935412,0.6254736693122511
953,12,1,25,0.75,0.0,0.7816402182935412,0.6254736693122511
954,12,0,8,0.25,0.0,0.7816402182935412,0.6254736693122511
955,12,0,8,0.75,0.0,0.7816402182935412,0.6254736693122511
956,12,0,8,0.25,0.0,0.7816402182935412,0.6254736693122511
957,12,1,25,0.75,0.0,0.7816402182935412,0.6254736693122511
958,12,0,12,0.5,0.5,0.7816402182935412,0.6254736693122511
959,12,1,12,0.5,0.0,0.7816402182935412,0.6254736693122511
960,12,1,25,0.25,0.0,0.7816402182935412,0.6254736693122511
961,12,1,8,0.5,0.5,0.7816402182935412,0.6254736693122511
962,12,0,5,0.75,0.0,0.7816402182935412,0.6254736693122511
963,12,0,5,0.5,0.0,0.7816402182935412,0.6254736693122511
964,12,0,8,0.75,0.0,0.7816402182935412,0.6254736693122511
965,12,1,25,0.5,0.0,0.7816402182935412,0.6254736693122511
966,12,1,5,0.25,0.0,0.7816402182935412,0.6254736693122511
967,12,0,12,0.5,0.0,0.7816402182935412,0.6254736693122511
968,12,0,12,0.5,0.24,0.7816402182935412,0.6254736693122511
969,12,1,25,0.75,0.0,0.7816402182935412,0.6254736693122511
970,12,0,8,0.5,0.0,0.7816402182935412,0.6254736693122511
971,12,0,5,0.25,0.0,0.7816402182935412,0.6254736693122511
972,12,0,12,0.5,0.0,0.7816402182935412,0.6254736693122511
973,12,1,12,0.5,0.0,0.7816402182935412,0.6254736693122511
974,12,1,12,0.5,0.5,0.7816402182935412,0.6254736693122511
975,12,0,12,0.25,0.0,0.7816402182935412,0.6254736693122511
976,12,1,12,0.75,0.0,0.7816402182935412,0.6254736693122511
977,12,0,5,0.5,0.5,0.7816402182935412,0.6254736693122511
978,12,0,25,0.5,0.74,0.7816402182935412,0.6254736693122511
979,12,0,12,0.5,0.24,0.7816402182935412,0.6254736693122511
980,12,0,5,0.25,0.0,0.7816402182935412,0.6254736693122511
981,12,0,8,0.5,0.74,0.7816402182935412,0.6254736693122511
982,12,0,12,0.5,0.24,0.7816402182935412,0.6254736693122511
983,12,1,25,0.5,0.24,0.7816402182935412,0.6254736693122511
984,12,1,25,0.5,0.0,0.7816402182935412,0.6254736693122511
985,12,0,8,0.5,0.24,0.7816402182935412,0.6254736693122511
986,12,1,25,0.5,0.5,0.7816402182935412,0.6254736693122511
987,12,0,5,0.5,0.0,0.7816402182935412,0.6254736693122511
988,12,0,8,0.5,0.24,0.7816402182935412,0.6254736693122511
989,12,0,12,0.75,0.0,0.7816402182935412,0.6254736693122511
990,12,0,12,0.5,0.5,0.7816402182935412,0.6254736693122511
991,12,1,25,0.5,0.24,0.7816402182935412,0.6254736693122511
992,12,1,25,0.25,0.0,0.7816402182935412,0.6254736693122511
993,12,1,25,0.5,0.24,0.7816402182935412,0.6254736693122511
994,12,1,12,0.5,0.5,0.7816402182935412,0.6254736693122511
995,12,1,25,0.5,0.74,0.7816402182935412,0.6254736693122511
996,12,1,25,0.5,0.0,0.7816402182935412,0.6254736693122511
997,12,0,25,0.5,0.5,0.7816402182935412,0.6254736693122511
998,12,0,12,0.5,0.74,0.7816402182935412,0.6254736693122511
999,12,1,25,0.25,0.0,0.7816402182935412,0.6254736693122511
1000,12,0,25,0.5,0.0,0.7816402182935412,0.6254736693122511
1001,12,0,12,0.5,0.74,0.7816402182935412,0.6254736693122511
1002,12,1,12,0.75,0.0,0.7816402182935412,0.6254736693122511
1003,12,1,8,0.5,0.0,0.7816402182935412,0.6254736693122511
1004,12,0,12,0.25,0.0,0.7816402182935412,0.6254736693122511
1005,12,1,12,0.75,0.0,0.7816402182935412,0.6254736693122511
1006,12,0,12,0.5,0.24,0.7816402182935412,0.6254736693122511
1007,12,0,8,0.25,0.0,0.7816402182935412,0.6254736693122511
1008,13,0,5,0.25,0.0,0.6333553208162603,-0.23485018040376665
1009,13,0,5,0.5,0.5,0.6333553208162603,-0.23485018040376665
1010,13,1,12,0.5,0.74,0.6333553208162603,-0.23485018040376665
1011,13,1,25,0.5,0.74,0.6333553208162603,-0.23485018040376665
1012,13,0,8,0.5,0.5,0.6333553208162603,-0.23485018040376665
1013,13,0,8,0.5,0.24,0.6333553208162603,-0.23485018040376665
1014,13,0,12,0.5,0.74,0.6333553208162603,-0.23485018040376665
1015,13,0,8,0.75,0.0,0.6333553208162603,-0.23485018040376665
1016,13,0,8,0.25,0.0,0.6333553208162603,-0.23485018040376665
1017,13,0,12,0.25,0.0,0.6333553208162603,-0.23485018040376665
1018,13,0,25,0.5,0.24,0.6333553208162603,-0.23485018040376665
1019,13,1,8,0.5,0.74,0.6333553208162603,-0.23485018040376665
1020,13,1,25,0.5,0.5,0.6333553208162603,-0.23485018040376665
1021,13,0,8,0.5,0.5,0.6333553208162603,-0.23485018040376665
1022,13,0,12,0.25,0.0,0.6333553208162603,-0.23485018040376665
1023,13,1,25,0.5,0.5,0.6333553208162603,-0.23485018040376665
1024,13,1,25,0.75,0.0,0.6333553208162603,-0.23485018040376665
1025,13,0,5,0.5,0.24,0.6333553208162603,-0.23485018040376665
1026,13,1,8,0.5,0.74,0.6333553208162603,-0.23485018040376665
1027,13,1,25,0.25,0.0,0.6333553208162603,-0.23485018040376665
1028,13,0,8,0.5,0.0,0.6333553208162603,-0.23485018040376665
1029,13,0,5,0.75,0.0,0.6333553208162603,-0.23485018040376665
1030,13,1,8,0.5,0.0,0.6333553208162603,-0.23485018040376665
1031,13,0,8,0.5,0.74,0.6333553208162603,-0.23485018040376665
1032,13,1,5,0.5,0.74,0.6333553208162603,-0.23485018040376665
1033,13,0,8,0.5,0.5,0.6333553208162603,-0.23485018040376665
1034,13,1,25,0.5,0.74,0.6333553208162603,-0.23485018040376665
1035,13,0,8,0.5,0.24,0.6333553208162603,-0.23485018040376665
1036,13,0,8,0.75,0.0,0.6333553208162603,-0.23485018040376665
1037,13,1,25,0.75,0.0,0.6333553208162603,-0.23485018040376665
1038,13,0,8,0.25,0.0,0.6333553208162603,-0.23485018040376665
1039,13,0,8,0.75,0.0,0.6333553208162603,-0.23485018040376665
1040,13,0,8,0.25,0.0,0.6333553208162603,-0.23485018040376665
1041,13,1,25,0.75,0.0,0.6333553208162603,-0.23485018040376665
1042,13,0,12,0.5,0.5,0.6333553208162603,-0.23485018040376665
1043,13,1,12,0.5,0.0,0.6333553208162603,-0.23485018040376665
1044,13,0,25,0.25,0.0,0.6333553208162603,-0.23485018040376665
1045,13,1,8,0.5,0.5,0.6333553208162603,-0.23485018040376665
1046,13,0,5,0.75,0.0,0.6333553208162603,-0.23485018040376665
1047,13,0,5,0.5,0.0,0.6333553208162603,-0.23485018040376665
1048,13,1,8,0.75,0.0,0.6333553208162603,-0.23485018040376665
1049,13,1,25,0.5,0.0,0.6333553208162603,-0.23485018040376665
1050,13,1,5,0.25,0.0,0.6333553208162603,-0.23485018040376665
1051,13,0,12,0.5,0.0,0.6333553208162603,-0.23485018040376665
1052,13,0,12,0.5,0.24,0.6333553208162603,-0.23485018040376665
1053,13,1,25,0.75,0.0,0.6333553208162603,-0.23485018040376665
1054,13,0,8,0.5,0.0,0.6333553208162603,-0.23485018040376665
1055,13,0,5,0.25,0.0,0.6333553208162603,-0.23485018040376665
1056,13,1,12,0.5,0.0,0.6333553208162603,-0.23485018040376665
1057,13,1,12,0.5,0.0,0.6333553208162603,-0.23485018040376665
1058,13,1,12,0.5,0.5,0.6333553208162603,-0.23485018040376665
1059,13,0,12,0.25,0.0,0.6333553208162603,-0.23485018040376665
1060,13,0,12,0.75,0.0,0.6333553208162603,-0.23485018040376665
1061,13,0,5,0.5,0.5,0.6333553208162603,-0.23485018040376665
1062,13,1,25,0.5,0.74,0.6333553208162603,-0.23485018040376665
1063,13,0,12,0.5,0.24,0.6333553208162603,-0.23485018040376665
1064,13,0,5,0.25,0.0,0.6333553208162603,-0.23485018040376665
1065,13,0,8,0.5,0.74,0.6333553208162603,-0.23485018040376665
1066,13,0,12,0.5,0.24,0.6333553208162603,-0.23485018040376665
1067,13,1,25,0.5,0.24,0.6333553208162603,-0.23485018040376665
1068,13,1,25,0.5,0.0,0.6333553208162603,-0.23485018040376665
1069,13,1,8,0.5,0.24,0.6333553208162603,-0.23485018040376665
1070,13,1,25,0.5,0.5,0.6333553208162603,-0.23485018040376665
1071,13,0,5,0.5,0.0,0.6333553208162603,-0.23485018040376665
1072,13,0,8,0.5,0.24,0.6333553208162603,-0.23485018040376665
1073,13,1,12,0.75,0.0,0.6333553208162603,-0.23485018040376665
1074,13,0,12,0.5,0.5,0.6333553208162603,-0.23485018040376665
1075,13,1,25,0.5,0.24,0.6333553208162603,-0.23485018040376665
1076,13,1,25,0.25,0.0,0.6333553208162603,-0.23485018040376665
1077,13,1,25,0.5,0.24,0.6333553208162603,-0.23485018040376665
1078,13,1,12,0.5,0.5,0.6333553208162603,-0.23485018040376665
1079,13,1,25,0.5,0.74,0.6333553208162603,-0.23485018040376665
1080,13,0,25,0.5,0.0,0.6333553208162603,-0.23485018040376665
1081,13,1,25,0.5,0.5,0.6333553208162603,-0.23485018040376665
1082,13,1,12,0.5,0.74,0.6333553208162603,-0.23485018040376665
1083,13,1,25,0.25,0.0,0.6333553208162603,-0.23485018040376665
1084,13,1,25,0.5,0.0,0.6333553208162603,-0.23485018040376665
1085,13,1,12,0.5,0.74,0.6333553208162603,-0.23485018040376665
1086,13,0,12,0.75,0.0,0.6333553208162603,-0.23485018040376665
1087,13,0,8,0.5,0.0,0.6333553208162603,-0.23485018040376665
1088,13,0,12,0.25,0.0,0.6333553208162603,-0.23485018040376665
1089,13,0,12,0.75,0.0,0.6333553208162603,-0.23485018040376665
1090,13,0,12,0.5,0.24,0.6333553208162603,-0.23485018040376665
1091,13,0,8,0.25,0.0,0.6333553208162603,-0.23485018040376665
1092,14,0,5,0.25,0.0,0.40634417662772215,0.047367876234835626
1093,14,0,5,0.5,0.5,0.40634417662772215,0.047367876234835626
1094,14,0,12,0.5,0.74,0.40634417662772215,0.047367876234835626
1095,14,1,25,0.5,0.74,0.40634417662772215,0.047367876234835626
1096,14,1,8,0.5,0.5,0.40634417662772215,0.047367876234835626
1097,14,0,8,0.5,0.24,0.40634417662772215,0.047367876234835626
1098,14,0,12,0.5,0.74,0.40634417662772215,0.047367876234835626
1099,14,0,8,0.75,0.0,0.40634417662772215,0.047367876234835626
1100,14,0,8,0.25,0.0,0.40634417662772215,0.047367876234835626
1101,14,1,12,0.25,0.0,0.40634417662772215,0.047367876234835626
1102,14,0,25,0.5,0.24,0.40634417662772215,0.047367876234835626
1103,14,0,8,0.5,0.74,0.40634417662772215,0.047367876234835626
1104,14,0,25,0.5,0.5,0.40634417662772215,0.047367876234835626
1105,14,0,8,0.5,0.5,0.40634417662772215,0.047367876234835626
1106,14,0,12,0.25,0.0,0.40634417662772215,0.047367876234835626
1107,14,0,25,0.5,0.5,0.40634417662772215,0.047367876234835626
1108,14,1,25,0.75,0.0,0.40634417662772215,0.047367876234835626
1109,14,0,5,0.5,0.24,0.40634417662772215,0.047367876234835626
1110,14,0,8,0.5,0.74,0.40634417662772215,0.047367876234835626
1111,14,1,25,0.25,0.0,0.40634417662772215,0.047367876234835626
1112,14,1,8,0.5,0.0,0.40634417662772215,0.047367876234835626
1113,14,0,5,0.75,0.0,0.40634417662772215,0.047367876234835626
1114,14,0,8,0.5,0.0,0.40634417662772215,0.047367876234835626
1115,14,0,8,0.5,0.74,0.40634417662772215,0.047367876234835626
1116,14,1,5,0.5,0.74,0.40634417662772215,0.047367876234835626
1117,14,1,8,0.5,0.5,0.40634417662772215,0.047367876234835626
1118,14,0,25,0.5,0.74,0.40634417662772215,0.047367876234835626
1119,14,1,8,0.5,0.24,0.40634417662772215,0.047367876234835626
1120,14,0,8,0.75,0.0,0.40634417662772215,0.047367876234835626
1121,14,1,25,0.75,0.0,0.40634417662772215,0.047367876234835626
1122,14,0,8,0.25,0.0,0.40634417662772215,0.047367876234835626
1123,14,1,8,0.75,0.0,0.40634417662772215,0.047367876234835626
1124,14,0,8,0.25,0.0,0.40634417662772215,0.047367876234835626
1125,14,0,25,0.75,0.0,0.40634417662772215,0.047367876234835626
1126,14,1,12,0.5,0.5,0.40634417662772215,0.047367876234835626
1127,14,0,12,0.5,0.0,0.40634417662772215,0.047367876234835626
1128,14,0,25,0.25,0.0,0.40634417662772215,0.047367876234835626
1129,14,0,8,0.5,0.5,0.40634417662772215,0.047367876234835626
1130,14,0,5,0.75,0.0,0.40634417662772215,0.047367876234835626
1131,14,0,5,0.5,0.0,0.40634417662772215,0.047367876234835626
1132,14,1,8,0.75,0.0,0.40634417662772215,0.047367876234835626
1133,14,1,25,0.5,0.0,0.40634417662772215,0.047367876234835626
1134,14,0,5,0.25,0.0,0.40634417662772215,0.047367876234835626
1135,14,1,12,0.5,0.0,0.40634417662772215,0.047367876234835626
1136,14,0,12,0.5,0.24,0.40634417662772215,0.047367876234835626
1137,14,0,25,0.75,0.0,0.40634417662772215,0.047367876234835626
1138,14,1,8,0.5,0.0,0.40634417662772215,0.047367876234835626
1139,14,1,5,0.25,0.0,0.40634417662772215,0.047367876234835626
1140,14,0,12,0.5,0.0,0.40634417662772215,0.047367876234835626
1141,14,0,12,0.5,0.0,0.40634417662772215,0.047367876234835626
1142,14,0,12,0.5,0.5,0.40634417662772215,0.047367876234835626
1143,14,0,12,0.25,0.0,0.40634417662772215,0.047367876234835626
1144,14,0,12,0.75,0.0,0.40634417662772215,0.047367876234835626
1145,14,0,5,0.5,0.5,0.40634417662772215,0.047367876234835626
1146,14,0,25,0.5,0.74,0.40634417662772215,0.047367876234835626
1147,14,0,12,0.5,0.24,0.40634417662772215,0.047367876234835626
1148,14,1,5,0.25,0.0,0.40634417662772215,0.047367876234835626
1149,14,1,8,0.5,0.74,0.40634417662772215,0.047367876234835626
1150,14,0,12,0.5,0.24,0.40634417662772215,0.047367876234835626
1151,14,0,25,0.5,0.24,0.40634417662772215,0.047367876234835626
1152,14,0,25,0.5,0.0,0.40634417662772215,0.047367876234835626
1153,14,0,8,0.5,0.24,0.40634417662772215,0.047367876234835626
1154,14,1,25,0.5,0.5,0.40634417662772215,0.047367876234835626
1155,14,0,5,0.5,0.0,0.40634417662772215,0.047367876234835626
1156,14,1,8,0.5,0.24,0.40634417662772215,0.047367876234835626
1157,14,1,12,0.75,0.0,0.40634417662772215,0.047367876234835626
1158,14,0,12,0.5,0.5,0.40634417662772215,0.047367876234835626
1159,14,0,25,0.5,0.24,0.40634417662772215,0.047367876234835626
1160,14,0,25,0.25,0.0,0.40634417662772215,0.047367876234835626
1161,14,1,25,0.5,0.24,0.40634417662772215,0.047367876234835626
1162,14,0,12,0.5,0.5,0.40634417662772215,0.047367876234835626
1163,14,0,25,0.5,0.74,0.40634417662772215,0.047367876234835626
1164,14,1,25,0.5,0.0,0.40634417662772215,0.047367876234835626
1165,14,0,25,0.5,0.5,0.40634417662772215,0.047367876234835626
1166,14,1,12,0.5,0.74,0.40634417662772215,0.047367876234835626
1167,14,1,25,0.25,0.0,0.40634417662772215,0.047367876234835626
1168,14,0,25,0.5,0.0,0.40634417662772215,0.047367876234835626
1169,14,0,12,0.5,0.74,0.40634417662772215,0.047367876234835626
1170,14,1,12,0.75,0.0,0.40634417662772215,0.047367876234835626
1171,14,1,8,0.5,0.0,0.40634417662772215,0.047367876234835626
1172,14,0,12,0.25,0.0,0.40634417662772215,0.047367876234835626
1173,14,1,12,0.75,0.0,0.40634417662772215,0.047367876234835626
1174,14,1,12,0.5,0.24,0.40634417662772215,0.047367876234835626
1175,14,0,8,0.25,0.0,0.40634417662772215,0.047367876234835626
1176,15,0,5,0.25,0.0,1.004666883407012,0.38402189549195126
1177,15,1,5,0.5,0.5,1.004666883407012,0.38402189549195126
1178,15,1,12,0.5,0.74,1.004666883407012,0.38402189549195126
1179,15,1,25,0.5,0.74,1.004666883407012,0.38402189549195126
1180,15,0,8,0.5,0.5,1.004666883407012,0.38402189549195126
1181,15,1,8,0.5,0.24,1.004666883407012,0.38402189549195126
1182,15,1,12,0.5,0.74,1.004666883407012,0.38402189549195126
1183,15,1,8,0.75,0.0,1.004666883407012,0.38402189549195126
1184,15,0,8,0.25,0.0,1.004666883407012,0.38402189549195126
1185,15,0,12,0.25,0.0,1.004666883407012,0.38402189549195126
1186,15,1,25,0.5,0.24,1.004666883407012,0.38402189549195126
1187,15,0,8,0.5,0.74,1.004666883407012,0.38402189549195126
1188,15,1,25,0.5,0.5,1.004666883407012,0.38402189549195126
1189,15,0,8,0.5,0.5,1.004666883407012,0.38402189549195126
1190,15,0,12,0.25,0.0,1.004666883407012,0.38402189549195126
1191,15,1,25,0.5,0.5,1.004666883407012,0.38402189549195126
1192,15,1,25,0.75,0.0,1.004666883407012,0.38402189549195126
1193,15,0,5,0.5,0.24,1.004666883407012,0.38402189549195126
1194,15,0,8,0.5,0.74,1.004666883407012,0.38402189549195126
1195,15,0,25,0.25,0.0,1.004666883407012,0.38402189549195126
1196,15,0,8,0.5,0.0,1.004666883407012,0.38402189549195126
1197,15,1,5,0.75,0.0,1.004666883407012,0.38402189549195126
1198,15,0,8,0.5,0.0,1.004666883407012,0.38402189549195126
1199,15,0,8,0.5,0.74,1.004666883407012,0.38402189549195126
1200,15,0,5,0.5,0.74,1.004666883407012,0.38402189549195126
1201,15,1,8,0.5,0.5,1.004666883407012,0.38402189549195126
1202,15,1,25,0.5,0.74,1.004666883407012,0.38402189549195126
1203,15,0,8,0.5,0.24,1.004666883407012,0.38402189549195126
1204,15,0,8,0.75,0.0,1.004666883407012,0.38402189549195126
1205,15,1,25,0.75,0.0,1.004666883407012,0.38402189549195126
1206,15,0,8,0.25,0.0,1.004666883407012,0.38402189549195126
1207,15,1,8,0.75,0.0,1.004666883407012,0.38402189549195126
1208,15,0,8,0.25,0.0,1.004666883407012,0.38402189549195126
1209,15,1,25,0.75,0.0,1.004666883407012,0.38402189549195126
1210,15,0,12,0.5,0.5,1.004666883407012,0.38402189549195126
1211,15,1,12,0.5,0.0,1.004666883407012,0.38402189549195126
1212,15,0,25,0.25,0.0,1.004666883407012,0.38402189549195126
1213,15,0,8,0.5,0.5,1.004666883407012,0.38402189549195126
1214,15,1,5,0.75,0.0,1.004666883407012,0.38402189549195126
1215,15,0,5,0.5,0.0,1.004666883407012,0.38402189549195126
1216,15,1,8,0.75,0.0,1.004666883407012,0.38402189549195126
1217,15,1,25,0.5,0.0,1.004666883407012,0.38402189549195126
1218,15,0,5,0.25,0.0,1.004666883407012,0.38402189549195126
1219,15,1,12,0.5,0.0,1.004666883407012,0.38402189549195126
1220,15,1,12,0.5,0.24,1.004666883407012,0.38402189549195126
1221,15,1,25,0.75,0.0,1.004666883407012,0.38402189549195126
1222,15,0,8,0.5,0.0,1.004666883407012,0.38402189549195126
1223,15,0,5,0.25,0.0,1.004666883407012,0.38402189549195126
1224,15,1,12,0.5,0.0,1.004666883407012,0.38402189549195126
1225,15,0,12,0.5,0.0,1.004666883407012,0.38402189549195126
1226,15,1,12,0.5,0.5,1.004666883407012,0.38402189549195126
1227,15,0,12,0.25,0.0,1.004666883407012,0.38402189549195126
1228,15,1,12,0.75,0.0,1.004666883407012,0.38402189549195126
1229,15,0,5,0.5,0.5,1.004666883407012,0.38402189549195126
1230,15,1,25,0.5,0.74,1.004666883407012,0.38402189549195126
1231,15,1,12,0.5,0.24,1.004666883407012,0.38402189549195126
1232,15,0,5,0.25,0.0,1.004666883407012,0.38402189549195126
1233,15,1,8,0.5,0.74,1.004666883407012,0.38402189549195126
1234,15,0,12,0.5,0.24,1.004666883407012,0.38402189549195126
1235,15,1,25,0.5,0.24,1.004666883407012,0.38402189549195126
1236,15,1,25,0.5,0.0,1.004666883407012,0.38402189549195126
1237,15,0,8,0.5,0.24,1.004666883407012,0.38402189549195126
1238,15,1,25,0.5,0.5,1.004666883407012,0.38402189549195126
1239,15,0,5,0.5,0.0,1.004666883407012,0.38402189549195126
1240,15,1,8,0.5,0.24,1.004666883407012,0.38402189549195126
1241,15,1,12,0.75,0.0,1.004666883407012,0.38402189549195126
1242,15,0,12,0.5,0.5,1.004666883407012,0.38402189549195126
1243,15,1,25,0.5,0.24,1.004666883407012,0.38402189549195126
1244,15,0,25,0.25,0.0,1.004666883407012,0.38402189549195126
1245,15,1,25,0.5,0.24,1.004666883407012,0.38402189549195126
1246,15,1,12,0.5,0.5,1.004666883407012,0.38402189549195126
1247,15,1,25,0.5,0.74,1.004666883407012,0.38402189549195126
1248,15,1,25,0.5,0.0,1.004666883407012,0.38402189549195126
1249,15,1,25,0.5,0.5,1.004666883407012,0.38402189549195126
1250,15,0,12,0.5,0.74,1.004666883407012,0.38402189549195126
1251,15,1,25,0.25,0.0,1.004666883407012,0.38402189549195126
1252,15,1,25,0.5,0.0,1.004666883407012,0.38402189549195126
1253,15,0,12,0.5,0.74,1.004666883407012,0.38402189549195126
1254,15,1,12,0.75,0.0,1.004666883407012,0.38402189549195126
1255,15,1,8,0.5,0.0,1.004666883407012,0.38402189549195126
1256,15,0,12,0.25,0.0,1.004666883407012,0.38402189549195126
1257,15,1,12,0.75,0.0,1.004666883407012,0.38402189549195126
1258,15,1,12,0.5,0.24,1.004666883407012,0.38402189549195126
1259,15,0,8,0.25,0.0,1.004666883407012,0.38402189549195126
1260,16,0,5,0.25,0.0,0.6907553473776752,0.7257120481921793
1261,16,0,5,0.5,0.5,0.6907553473776752,0.7257120481921793
1262,16,0,12,0.5,0.74,0.6907553473776752,0.7257120481921793
1263,16,0,25,0.5,0.74,0.6907553473776752,0.7257120481921793
1264,16,0,8,0.5,0.5,0.6907553473776752,0.7257120481921793
1265,16,0,8,0.5,0.24,0.6907553473776752,0.7257120481921793
1266,16,0,12,0.5,0.74,0.6907553473776752,0.7257120481921793
1267,16,0,8,0.75,0.0,0.6907553473776752,0.7257120481921793
1268,16,0,8,0.25,0.0,0.6907553473776752,0.7257120481921793
1269,16,1,12,0.25,0.0,0.6907553473776752,0.7257120481921793
1270,16,1,25,0.5,0.24,0.6907553473776752,0.7257120481921793
1271,16,1,8,0.5,0.74,0.6907553473776752,0.7257120481921793
1272,16,1,25,0.5,0.5,0.6907553473776752,0.7257120481921793
1273,16,0,8,0.5,0.5,0.6907553473776752,0.7257120481921793
1274,16,0,12,0.25,0.0,0.6907553473776752,0.7257120481921793
1275,16,1,25,0.5,0.5,0.6907553473776752,0.7257120481921793
1276,16,1,25,0.75,0.0,0.6907553473776752,0.7257120481921793
1277,16,1,5,0.5,0.24,0.6907553473776752,0.7257120481921793
1278,16,0,8,0.5,0.74,0.6907553473776752,0.7257120481921793
1279,16,0,25,0.25,0.0,0.6907553473776752,0.7257120481921793
1280,16,0,8,0.5,0.0,0.6907553473776752,0.7257120481921793
1281,16,1,5,0.75,0.0,0.6907553473776752,0.7257120481921793
1282,16,0,8,0.5,0.0,0.6907553473776752,0.7257120481921793
1283,16,0,8,0.5,0.74,0.6907553473776752,0.7257120481921793
1284,16,0,5,0.5,0.74,0.6907553473776752,0.7257120481921793
1285,16,0,8,0.5,0.5,0.6907553473776752,0.7257120481921793
1286,16,1,25,0.5,0.74,0.6907553473776752,0.7257120481921793
1287,16,0,8,0.5,0.24,0.6907553473776752,0.7257120481921793
1288,16,1,8,0.75,0.0,0.6907553473776752,0.7257120481921793
1289,16,1,25,0.75,0.0,0.6907553473776752,0.7257120481921793
1290,16,0,8,0.25,0.0,0.6907553473776752,0.7257120481921793
1291,16,0,8,0.75,0.0,0.6907553473776752,0.7257120481921793
1292,16,0,8,0.25,0.0,0.6907553473776752,0.7257120481921793
1293,16,1,25,0.75,0.0,0.6907553473776752,0.7257120481921793
1294,16,0,12,0.5,0.5,0.6907553473776752,0.7257120481921793
1295,16,1,12,0.5,0.0,0.6907553473776752,0.7257120481921793
1296,16,0,25,0.25,0.0,0.6907553473776752,0.7257120481921793
1297,16,0,8,0.5,0.5,0.6907553473776752,0.7257120481921793
1298,16,1,5,0.75,0.0,0.6907553473776752,0.7257120481921793
1299,16,0,5,0.5,0.0,0.6907553473776752,0.7257120481921793
1300,16,0,8,0.75,0.0,0.6907553473776752,0.7257120481921793
1301,16,1,25,0.5,0.0,0.6907553473776752,0.7257120481921793
1302,16,0,5,0.25,0.0,0.6907553473776752,0.7257120481921793
1303,16,0,12,0.5,0.0,0.6907553473776752,0.7257120481921793
1304,16,0,12,0.5,0.24,0.6907553473776752,0.7257120481921793
1305,16,1,25,0.75,0.0,0.6907553473776752,0.7257120481921793
1306,16,0,8,0.5,0.0,0.6907553473776752,0.7257120481921793
1307,16,0,5,0.25,0.0,0.6907553473776752,0.7257120481921793
1308,16,1,12,0.5,0.0,0.6907553473776752,0.7257120481921793
1309,16,1,12,0.5,0.0,0.6907553473776752,0.7257120481921793
1310,16,0,12,0.5,0.5,0.6907553473776752,0.7257120481921793
1311,16,0,12,0.25,0.0,0.6907553473776752,0.7257120481921793
1312,16,1,12,0.75,0.0,0.6907553473776752,0.7257120481921793
1313,16,0,5,0.5,0.5,0.6907553473776752,0.7257120481921793
1314,16,0,25,0.5,0.74,0.6907553473776752,0.7257120481921793
1315,16,0,12,0.5,0.24,0.6907553473776752,0.7257120481921793
1316,16,0,5,0.25,0.0,0.6907553473776752,0.7257120481921793
1317,16,0,8,0.5,0.74,0.6907553473776752,0.7257120481921793
1318,16,0,12,0.5,0.24,0.6907553473776752,0.7257120481921793
1319,16,1,25,0.5,0.24,0.6907553473776752,0.7257120481921793
1320,16,1,25,0.5,0.0,0.6907553473776752,0.7257120481921793
1321,16,0,8,0.5,0.24,0.6907553473776752,0.7257120481921793
1322,16,1,25,0.5,0.5,0.6907553473776752,0.7257120481921793
1323,16,0,5,0.5,0.0,0.6907553473776752,0.7257120481921793
1324,16,0,8,0.5,0.24,0.6907553473776752,0.7257120481921793
1325,16,1,12,0.75,0.0,0.6907553473776752,0.7257120481921793
1326,16,0,12,0.5,0.5,0.6907553473776752,0.7257120481921793
1327,16,1,25,0.5,0.24,0.6907553473776752,0.7257120481921793
1328,16,0,25,0.25,0.0,0.6907553473776752,0.7257120481921793
1329,16,1,25,0.5,0.24,0.6907553473776752,0.7257120481921793
1330,16,0,12,0.5,0.5,0.6907553473776752,0.7257120481921793
1331,16,0,25,0.5,0.74,0.6907553473776752,0.7257120481921793
1332,16,1,25,0.5,0.0,0.6907553473776752,0.7257120481921793
1333,16,1,25,0.5,0.5,0.6907553473776752,0.7257120481921793
1334,16,0,12,0.5,0.74,0.6907553473776752,0.7257120481921793
1335,16,1,25,0.25,0.0,0.6907553473776752,0.7257120481921793
1336,16,1,25,0.5,0.0,0.6907553473776752,0.7257120481921793
1337,16,0,12,0.5,0.74,0.6907553473776752,0.7257120481921793
1338,16,0,12,0.75,0.0,0.6907553473776752,0.7257120481921793
1339,16,0,8,0.5,0.0,0.6907553473776752,0.7257120481921793
1340,16,0,12,0.25,0.0,0.6907553473776752,0.7257120481921793
1341,16,0,12,0.75,0.0,0.6907553473776752,0.7257120481921793
1342,16,0,12,0.5,0.24,0.6907553473776752,0.7257120481921793
1343,16,0,8,0.25,0.0,0.6907553473776752,0.7257120481921793
1344,17,0,5,0.25,0.0,0.07797966685710986,-0.44345128004775974
1345,17,0,5,0.5,0.5,0.07797966685710986,-0.44345128004775974
1346,17,0,12,0.5,0.74,0.07797966685710986,-0.44345128004775974
1347,17,0,25,0.5,0.74,0.07797966685710986,-0.44345128004775974
1348,17,1,8,0.5,0.5,0.07797966685710986,-0.44345128004775974
1349,17,0,8,0.5,0.24,0.07797966685710986,-0.44345128004775974
1350,17,1,12,0.5,0.74,0.07797966685710986,-0.44345128004775974
1351,17,0,8,0.75,0.0,0.07797966685710986,-0.44345128004775974
1352,17,0,8,0.25,0.0,0.07797966685710986,-0.44345128004775974
1353,17,0,12,0.25,0.0,0.07797966685710986,-0.44345128004775974
1354,17,0,25,0.5,0.24,0.07797966685710986,-0.44345128004775974
1355,17,0,8,0.5,0.74,0.07797966685710986,-0.44345128004775974
1356,17,1,25,0.5,0.5,0.07797966685710986,-0.44345128004775974
1357,17,1,8,0.5,0.5,0.07797966685710986,-0.44345128004775974
1358,17,1,12,0.25,0.0,0.07797966685710986,-0.44345128004775974
1359,17,1,25,0.5,0.5,0.07797966685710986,-0.44345128004775974
1360,17,1,25,0.75,0.0,0.07797966685710986,-0.44345128004775974
1361,17,0,5,0.5,0.24,0.07797966685710986,-0.44345128004775974
1362,17,0,8,0.5,0.74,0.07797966685710986,-0.44345128004775974
1363,17,0,25,0.25,0.0,0.07797966685710986,-0.44345128004775974
1364,17,1,8,0.5,0.0,0.07797966685710986,-0.44345128004775974
1365,17,0,5,0.75,0.0,0.07797966685710986,-0.44345128004775974
1366,17,0,8,0.5,0.0,0.07797966685710986,-0.44345128004775974
1367,17,1,8,0.5,0.74,0.07797966685710986,-0.44345128004775974
1368,17,0,5,0.5,0.74,0.07797966685710986,-0.44345128004775974
1369,17,0,8,0.5,0.5,0.07797966685710986,-0.44345128004775974
1370,17,1,25,0.5,0.74,0.07797966685710986,-0.44345128004775974
1371,17,0,8,0.5,0.24,0.07797966685710986,-0.44345128004775974
1372,17,0,8,0.75,0.0,0.07797966685710986,-0.44345128004775974
1373,17,1,25,0.75,0.0,0.07797966685710986,-0.44345128004775974
1374,17,1,8,0.25,0.0,0.07797966685710986,-0.44345128004775974
1375,17,1,8,0.75,0.0,0.07797966685710986,-0.44345128004775974
1376,17,0,8,0.25,0.0,0.07797966685710986,-0.44345128004775974
1377,17,1,25,0.75,0.0,0.07797966685710986,-0.44345128004775974
1378,17,0,12,0.5,0.5,0.07797966685710986,-0.44345128004775974
1379,17,1,12,0.5,0.0,0.07797966685710986,-0.44345128004775974
1380,17,1,25,0.25,0.0,0.07797966685710986,-0.44345128004775974
1381,17,1,8,0.5,0.5,0.07797966685710986,-0.44345128004775974
1382,17,0,5,0.75,0.0,0.07797966685710986,-0.44345128004775974
1383,17,0,5,0.5,0.0,0.07797966685710986,-0.44345128004775974
1384,17,0,8,0.75,0.0,0.07797966685710986,-0.44345128004775974
1385,17,0,25,0.5,0.0,0.07797966685710986,-0.44345128004775974
1386,17,0,5,0.25,0.0,0.07797966685710986,-0.44345128004775974
1387,17,1,12,0.5,0.0,0.07797966685710986,-0.44345128004775974
1388,17,1,12,0.5,0.24,0.07797966685710986,-0.44345128004775974
1389,17,1,25,0.75,0.0,0.07797966685710986,-0.44345128004775974
1390,17,1,8,0.5,0.0,0.07797966685710986,-0.44345128004775974
1391,17,1,5,0.25,0.0,0.07797966685710986,-0.44345128004775974
1392,17,0,12,0.5,0.0,0.07797966685710986,-0.44345128004775974
1393,17,1,12,0.5,0.0,0.07797966685710986,-0.44345128004775974
1394,17,0,12,0.5,0.5,0.07797966685710986,-0.44345128004775974
1395,17,0,12,0.25,0.0,0.07797966685710986,-0.44345128004775974
1396,17,0,12,0.75,0.0,0.07797966685710986,-0.44345128004775974
1397,17,0,5,0.5,0.5,0.07797966685710986,-0.44345128004775974
1398,17,0,25,0.5,0.74,0.07797966685710986,-0.44345128004775974
1399,17,0,12,0.5,0.24,0.07797966685710986,-0.44345128004775974
1400,17,0,5,0.25,0.0,0.07797966685710986,-0.44345128004775974
1401,17,0,8,0.5,0.74,0.07797966685710986,-0.44345128004775974
1402,17,0,12,0.5,0.24,0.07797966685710986,-0.44345128004775974
1403,17,0,25,0.5,0.24,0.07797966685710986,-0.44345128004775974
1404,17,0,25,0.5,0.0,0.07797966685710986,-0.44345128004775974
1405,17,0,8,0.5,0.24,0.07797966685710986,-0.44345128004775974
1406,17,0,25,0.5,0.5,0.07797966685710986,-0.44345128004775974
1407,17,1,5,0.5,0.0,0.07797966685710986,-0.44345128004775974
1408,17,0,8,0.5,0.24,0.07797966685710986,-0.44345128004775974
1409,17,0,12,0.75,0.0,0.07797966685710986,-0.44345128004775974
1410,17,0,12,0.5,0.5,0.07797966685710986,-0.44345128004775974
1411,17,1,25,0.5,0.24,0.07797966685710986,-0.44345128004775974
1412,17,0,25,0.25,0.0,0.07797966685710986,-0.44345128004775974
1413,17,0,25,0.5,0.24,0.07797966685710986,-0.44345128004775974
1414,17,0,12,0.5,0.5,0.07797966685710986,-0.44345128004775974
1415,17,1,25,0.5,0.74,0.07797966685710986,-0.44345128004775974
1416,17,0,25,0.5,0.0,0.07797966685710986,-0.44345128004775974
1417,17,1,25,0.5,0.5,0.07797966685710986,-0.44345128004775974
1418,17,1,12,0.5,0.74,0.07797966685710986,-0.44345128004775974
1419,17,0,25,0.25,0.0,0.07797966685710986,-0.44345128004775974
1420,17,0,25,0.5,0.0,0.07797966685710986,-0.44345128004775974
1421,17,0,12,0.5,0.74,0.07797966685710986,-0.44345128004775974
1422,17,0,12,0.75,0.0,0.07797966685710986,-0.44345128004775974
1423,17,1,8,0.5,0.0,0.07797966685710986,-0.44345128004775974
1424,17,1,12,0.25,0.0,0.07797966685710986,-0.44345128004775974
1425,17,0,12,0.75,0.0,0.07797966685710986,-0.44345128004775974
1426,17,0,12,0.5,0.24,0.07797966685710986,-0.44345128004775974
1427,17,0,8,0.25,0.0,0.07797966685710986,-0.44345128004775974
1428,18,0,5,0.25,0.0,0.6267804695570084,0.771052559636836
1429,18,0,5,0.5,0.5,0.6267804695570084,0.771052559636836
1430,18,1,12,0.5,0.74,0.6267804695570084,0.771052559636836
1431,18,0,25,0.5,0.74,0.6267804695570084,0.771052559636836
1432,18,1,8,0.5,0.5,0.6267804695570084,0.771052559636836
1433,18,0,8,0.5,0.24,0.6267804695570084,0.771052559636836
1434,18,0,12,0.5,0.74,0.6267804695570084,0.771052559636836
1435,18,0,8,0.75,0.0,0.6267804695570084,0.771052559636836
1436,18,0,8,0.25,0.0,0.6267804695570084,0.771052559636836
1437,18,0,12,0.25,0.0,0.6267804695570084,0.771052559636836
1438,18,1,25,0.5,0.24,0.6267804695570084,0.771052559636836
1439,18,0,8,0.5,0.74,0.6267804695570084,0.771052559636836
1440,18,1,25,0.5,0.5,0.6267804695570084,0.771052559636836
1441,18,0,8,0.5,0.5,0.6267804695570084,0.771052559636836
1442,18,0,12,0.25,0.0,0.6267804695570084,0.771052559636836
1443,18,1,25,0.5,0.5,0.6267804695570084,0.771052559636836
1444,18,1,25,0.75,0.0,0.6267804695570084,0.771052559636836
1445,18,0,5,0.5,0.24,0.6267804695570084,0.771052559636836
1446,18,0,8,0.5,0.74,0.6267804695570084,0.771052559636836
1447,18,0,25,0.25,0.0,0.6267804695570084,0.771052559636836
1448,18,0,8,0.5,0.0,0.6267804695570084,0.771052559636836
1449,18,1,5,0.75,0.0,0.6267804695570084,0.771052559636836
1450,18,0,8,0.5,0.0,0.6267804695570084,0.771052559636836
1451,18,0,8,0.5,0.74,0.6267804695570084,0.771052559636836
1452,18,0,5,0.5,0.74,0.6267804695570084,0.771052559636836
1453,18,0,8,0.5,0.5,0.6267804695570084,0.771052559636836
1454,18,0,25,0.5,0.74,0.6267804695570084,0.771052559636836
1455,18,0,8,0.5,0.24,0.6267804695570084,0.771052559636836
1456,18,1,8,0.75,0.0,0.6267804695570084,0.771052559636836
1457,18,1,25,0.75,0.0,0.6267804695570084,0.771052559636836
1458,18,0,8,0.25,0.0,0.6267804695570084,0.771052559636836
1459,18,0,8,0.75,0.0,0.6267804695570084,0.771052559636836
1460,18,0,8,0.25,0.0,0.6267804695570084,0.771052559636836
1461,18,1,25,0.75,0.0,0.6267804695570084,0.771052559636836
1462,18,1,12,0.5,0.5,0.6267804695570084,0.771052559636836
1463,18,0,12,0.5,0.0,0.6267804695570084,0.771052559636836
1464,18,0,25,0.25,0.0,0.6267804695570084,0.771052559636836
1465,18,0,8,0.5,0.5,0.6267804695570084,0.771052559636836
1466,18,1,5,0.75,0.0,0.6267804695570084,0.771052559636836
1467,18,0,5,0.5,0.0,0.6267804695570084,0.771052559636836
1468,18,0,8,0.75,0.0,0.6267804695570084,0.771052559636836
1469,18,0,25,0.5,0.0,0.6267804695570084,0.771052559636836
1470,18,1,5,0.25,0.0,0.6267804695570084,0.771052559636836
1471,18,0,12,0.5,0.0,0.6267804695570084,0.771052559636836
1472,18,0,12,0.5,0.24,0.6267804695570084,0.771052559636836
1473,18,1,25,0.75,0.0,0.6267804695570084,0.771052559636836
1474,18,0,8,0.5,0.0,0.6267804695570084,0.771052559636836
1475,18,0,5,0.25,0.0,0.6267804695570084,0.771052559636836
1476,18,0,12,0.5,0.0,0.6267804695570084,0.771052559636836
1477,18,0,12,0.5,0.0,0.6267804695570084,0.771052559636836
1478,18,1,12,0.5,0.5,0.6267804695570084,0.771052559636836
1479,18,0,12,0.25,0.0,0.6267804695570084,0.771052559636836
1480,18,1,12,0.75,0.0,0.6267804695570084,0.771052559636836
1481,18,0,5,0.5,0.5,0.6267804695570084,0.771052559636836
1482,18,0,25,0.5,0.74,0.6267804695570084,0.771052559636836
1483,18,0,12,0.5,0.24,0.6267804695570084,0.771052559636836
1484,18,1,5,0.25,0.0,0.6267804695570084,0.771052559636836
1485,18,0,8,0.5,0.74,0.6267804695570084,0.771052559636836
1486,18,0,12,0.5,0.24,0.6267804695570084,0.771052559636836
1487,18,1,25,0.5,0.24,0.6267804695570084,0.771052559636836
1488,18,0,25,0.5,0.0,0.6267804695570084,0.771052559636836
1489,18,1,8,0.5,0.24,0.6267804695570084,0.771052559636836
1490,18,0,25,0.5,0.5,0.6267804695570084,0.771052559636836
1491,18,0,5,0.5,0.0,0.6267804695570084,0.771052559636836
1492,18,1,8,0.5,0.24,0.6267804695570084,0.771052559636836
1493,18,1,12,0.75,0.0,0.6267804695570084,0.771052559636836
1494,18,0,12,0.5,0.5,0.6267804695570084,0.771052559636836
1495,18,0,25,0.5,0.24,0.6267804695570084,0.771052559636836
1496,18,1,25,0.25,0.0,0.6267804695570084,0.771052559636836
1497,18,0,25,0.5,0.24,0.6267804695570084,0.771052559636836
1498,18,1,12,0.5,0.5,0.6267804695570084,0.771052559636836
1499,18,0,25,0.5,0.74,0.6267804695570084,0.771052559636836
1500,18,1,25,0.5,0.0,0.6267804695570084,0.771052559636836
1501,18,1,25,0.5,0.5,0.6267804695570084,0.771052559636836
1502,18,0,12,0.5,0.74,0.6267804695570084,0.771052559636836
1503,18,0,25,0.25,0.0,0.6267804695570084,0.771052559636836
1504,18,1,25,0.5,0.0,0.6267804695570084,0.771052559636836
1505,18,0,12,0.5,0.74,0.6267804695570084,0.771052559636836
1506,18,0,12,0.75,0.0,0.6267804695570084,0.771052559636836
1507,18,0,8,0.5,0.0,0.6267804695570084,0.771052559636836
1508,18,0,12,0.25,0.0,0.6267804695570084,0.771052559636836
1509,18,0,12,0.75,0.0,0.6267804695570084,0.771052559636836
1510,18,1,12,0.5,0.24,0.6267804695570084,0.771052559636836
1511,18,0,8,0.25,0.0,0.6267804695570084,0.771052559636836
1512,19,0,5,0.25,0.0,1.1427265393566524,-0.9370469446524707
1513,19,0,5,0.5,0.5,1.1427265393566524,-0.9370469446524707
1514,19,1,12,0.5,0.74,1.1427265393566524,-0.9370469446524707
1515,19,1,25,0.5,0.74,1.1427265393566524,-0.9370469446524707
1516,19,0,8,0.5,0.5,1.1427265393566524,-0.9370469446524707
1517,19,1,8,0.5,0.24,1.1427265393566524,-0.9370469446524707
1518,19,1,12,0.5,0.74,1.1427265393566524,-0.9370469446524707
1519,19,1,8,0.75,0.0,1.1427265393566524,-0.9370469446524707
1520,19,0,8,0.25,0.0,1.1427265393566524,-0.9370469446524707
1521,19,0,12,0.25,0.0,1.1427265393566524,-0.9370469446524707
1522,19,1,25,0.5,0.24,1.1427265393566524,-0.9370469446524707
1523,19,1,8,0.5,0.74,1.1427265393566524,-0.9370469446524707
1524,19,1,25,0.5,0.5,1.1427265393566524,-0.9370469446524707
1525,19,1,8,0.5,0.5,1.1427265393566524,-0.9370469446524707
1526,19,0,12,0.25,0.0,1.1427265393566524,-0.9370469446524707
1527,19,1,25,0.5,0.5,1.1427265393566524,-0.9370469446524707
1528,19,1,25,0.75,0.0,1.1427265393566524,-0.9370469446524707
1529,19,1,5,0.5,0.24,1.1427265393566524,-0.9370469446524707
1530,19,1,8,0.5,0.74,1.1427265393566524,-0.9370469446524707
1531,19,1,25,0.25,0.0,1.1427265393566524,-0.9370469446524707
1532,19,0,8,0.5,0.0,1.1427265393566524,-0.9370469446524707
1533,19,0,5,0.75,0.0,1.1427265393566524,-0.9370469446524707
1534,19,1,8,0.5,0.0,1.1427265393566524,-0.9370469446524707
1535,19,1,8,0.5,0.74,1.1427265393566524,-0.9370469446524707
1536,19,0,5,0.5,0.74,1.1427265393566524,-0.9370469446524707
1537,19,1,8,0.5,0.5,1.1427265393566524,-0.9370469446524707
1538,19,1,25,0.5,0.74,1.1427265393566524,-0.9370469446524707
1539,19,1,8,0.5,0.24,1.1427265393566524,-0.9370469446524707
1540,19,0,8,0.75,0.0,1.1427265393566524,-0.9370469446524707
1541,19,1,25,0.75,0.0,1.1427265393566524,-0.9370469446524707
1542,19,0,8,0.25,0.0,1.1427265393566524,-0.9370469446524707
1543,19,1,8,0.75,0.0,1.1427265393566524,-0.9370469446524707
1544,19,0,8,0.25,0.0,1.1427265393566524,-0.9370469446524707
1545,19,1,25,0.75,0.0,1.1427265393566524,-0.9370469446524707
1546,19,1,12,0.5,0.5,1.1427265393566524,-0.9370469446524707
1547,19,1,12,0.5,0.0,1.1427265393566524,-0.9370469446524707
1548,19,1,25,0.25,0.0,1.1427265393566524,-0.9370469446524707
1549,19,1,8,0.5,0.5,1.1427265393566524,-0.9370469446524707
1550,19,0,5,0.75,0.0,1.1427265393566524,-0.9370469446524707
1551,19,0,5,0.5,0.0,1.1427265393566524,-0.9370469446524707
1552,19,1,8,0.75,0.0,1.1427265393566524,-0.9370469446524707
1553,19,1,25,0.5,0.0,1.1427265393566524,-0.9370469446524707
1554,19,0,5,0.25,0.0,1.1427265393566524,-0.9370469446524707
1555,19,1,12,0.5,0.0,1.1427265393566524,-0.9370469446524707
1556,19,1,12,0.5,0.24,1.1427265393566524,-0.9370469446524707
1557,19,1,25,0.75,0.0,1.1427265393566524,-0.9370469446524707
1558,19,0,8,0.5,0.0,1.1427265393566524,-0.9370469446524707
1559,19,0,5,0.25,0.0,1.1427265393566524,-0.9370469446524707
1560,19,1,12,0.5,0.0,1.1427265393566524,-0.9370469446524707
1561,19,1,12,0.5,0.0,1.1427265393566524,-0.9370469446524707
1562,19,1,12,0.5,0.5,1.1427265393566524,-0.9370469446524707
1563,19,0,12,0.25,0.0,1.1427265393566524,-0.9370469446524707
1564,19,1,12,0.75,0.0,1.1427265393566524,-0.9370469446524707
1565,19,0,5,0.5,0.5,1.1427265393566524,-0.9370469446524707
1566,19,1,25,0.5,0.74,1.1427265393566524,-0.9370469446524707
1567,19,1,12,0.5,0.24,1.1427265393566524,-0.9370469446524707
1568,19,0,5,0.25,0.0,1.1427265393566524,-0.9370469446524707
1569,19,1,8,0.5,0.74,1.1427265393566524,-0.9370469446524707
1570,19,1,12,0.5,0.24,1.1427265393566524,-0.9370469446524707
1571,19,1,25,0.5,0.24,1.1427265393566524,-0.9370469446524707
1572,19,1,25,0.5,0.0,1.1427265393566524,-0.9370469446524707
1573,19,1,8,0.5,0.24,1.1427265393566524,-0.9370469446524707
1574,19,1,25,0.5,0.5,1.1427265393566524,-0.9370469446524707
1575,19,0,5,0.5,0.0,1.1427265393566524,-0.9370469446524707
1576,19,1,8,0.5,0.24,1.1427265393566524,-0.9370469446524707
1577,19,1,12,0.75,0.0,1.1427265393566524,-0.9370469446524707
1578,19,1,12,0.5,0.5,1.1427265393566524,-0.9370469446524707
1579,19,1,25,0.5,0.24,1.1427265393566524,-0.9370469446524707
1580,19,0,25,0.25,0.0,1.1427265393566524,-0.9370469446524707
1581,19,1,25,0.5,0.24,1.1427265393566524,-0.9370469446524707
1582,19,1,12,0.5,0.5,1.1427265393566524,-0.9370469446524707
1583,19,1,25,0.5,0.74,1.1427265393566524,-0.9370469446524707
1584,19,1,25,0.5,0.0,1.1427265393566524,-0.9370469446524707
1585,19,1,25,0.5,0.5,1.1427265393566524,-0.9370469446524707
1586,19,1,12,0.5,0.74,1.1427265393566524,-0.9370469446524707
1587,19,1,25,0.25,0.0,1.1427265393566524,-0.9370469446524707
1588,19,1,25,0.5,0.0,1.1427265393566524,-0.9370469446524707
1589,19,1,12,0.5,0.74,1.1427265393566524,-0.9370469446524707
1590,19,1,12,0.75,0.0,1.1427265393566524,-0.9370469446524707
1591,19,0,8,0.5,0.0,1.1427265393566524,-0.9370469446524707
1592,19,0,12,0.25,0.0,1.1427265393566524,-0.9370469446524707
1593,19,1,12,0.75,0.0,1.1427265393566524,-0.9370469446524707
1594,19,1,12,0.5,0.24,1.1427265393566524,-0.9370469446524707
1595,19,0,8,0.25,0.0,1.1427265393566524,-0.9370469446524707
1596,20,0,5,0.25,0.0,0.23293759407817097,-0.19619171605755503
1597,20,1,5,0.5,0.5,0.23293759407817097,-0.19619171605755503
1598,20,1,12,0.5,0.74,0.23293759407817097,-0.19619171605755503
1599,20,1,25,0.5,0.74,0.23293759407817097,-0.19619171605755503
1600,20,0,8,0.5,0.5,0.23293759407817097,-0.19619171605755503
1601,20,0,8,0.5,0.24,0.23293759407817097,-0.19619171605755503
1602,20,0,12,0.5,0.74,0.23293759407817097,-0.19619171605755503
1603,20,0,8,0.75,0.0,0.23293759407817097,-0.19619171605755503
1604,20,1,8,0.25,0.0,0.23293759407817097,-0.19619171605755503
1605,20,0,12,0.25,0.0,0.23293759407817097,-0.19619171605755503
1606,20,1,25,0.5,0.24,0.23293759407817097,-0.19619171605755503
1607,20,0,8,0.5,0.74,0.23293759407817097,-0.19619171605755503
1608,20,1,25,0.5,0.5,0.23293759407817097,-0.19619171605755503
1609,20,0,8,0.5,0.5,0.23293759407817097,-0.19619171605755503
1610,20,1,12,0.25,0.0,0.23293759407817097,-0.19619171605755503
1611,20,1,25,0.5,0.5,0.23293759407817097,-0.19619171605755503
1612,20,1,25,0.75,0.0,0.23293759407817097,-0.19619171605755503
1613,20,0,5,0.5,0.24,0.23293759407817097,-0.19619171605755503
1614,20,0,8,0.5,0.74,0.23293759407817097,-0.19619171605755503
1615,20,0,25,0.25,0.0,0.23293759407817097,-0.19619171605755503
1616,20,0,8,0.5,0.0,0.23293759407817097,-0.19619171605755503
1617,20,1,5,0.75,0.0,0.23293759407817097,-0.19619171605755503
1618,20,0,8,0.5,0.0,0.23293759407817097,-0.19619171605755503
1619,20,0,8,0.5,0.74,0.23293759407817097,-0.19619171605755503
1620,20,1,5,0.5,0.74,0.23293759407817097,-0.19619171605755503
1621,20,0,8,0.5,0.5,0.23293759407817097,-0.19619171605755503
1622,20,1,25,0.5,0.74,0.23293759407817097,-0.19619171605755503
1623,20,0,8,0.5,0.24,0.23293759407817097,-0.19619171605755503
1624,20,1,8,0.75,0.0,0.23293759407817097,-0.19619171605755503
1625,20,1,25,0.75,0.0,0.23293759407817097,-0.19619171605755503
1626,20,0,8,0.25,0.0,0.23293759407817097,-0.19619171605755503
1627,20,1,8,0.75,0.0,0.23293759407817097,-0.19619171605755503
1628,20,0,8,0.25,0.0,0.23293759407817097,-0.19619171605755503
1629,20,1,25,0.75,0.0,0.23293759407817097,-0.19619171605755503
1630,20,0,12,0.5,0.5,0.23293759407817097,-0.19619171605755503
1631,20,1,12,0.5,0.0,0.23293759407817097,-0.19619171605755503
1632,20,1,25,0.25,0.0,0.23293759407817097,-0.19619171605755503
1633,20,0,8,0.5,0.5,0.23293759407817097,-0.19619171605755503
1634,20,0,5,0.75,0.0,0.23293759407817097,-0.19619171605755503
1635,20,0,5,0.5,0.0,0.23293759407817097,-0.19619171605755503
1636,20,0,8,0.75,0.0,0.23293759407817097,-0.19619171605755503
1637,20,0,25,0.5,0.0,0.23293759407817097,-0.19619171605755503
1638,20,0,5,0.25,0.0,0.23293759407817097,-0.19619171605755503
1639,20,0,12,0.5,0.0,0.23293759407817097,-0.19619171605755503
1640,20,0,12,0.5,0.24,0.23293759407817097,-0.19619171605755503
1641,20,0,25,0.75,0.0,0.23293759407817097,-0.19619171605755503
1642,20,0,8,0.5,0.0,0.23293759407817097,-0.19619171605755503
1643,20,0,5,0.25,0.0,0.23293759407817097,-0.19619171605755503
1644,20,0,12,0.5,0.0,0.23293759407817097,-0.19619171605755503
1645,20,1,12,0.5,0.0,0.23293759407817097,-0.19619171605755503
1646,20,1,12,0.5,0.5,0.23293759407817097,-0.19619171605755503
1647,20,0,12,0.25,0.0,0.23293759407817097,-0.19619171605755503
1648,20,0,12,0.75,0.0,0.23293759407817097,-0.19619171605755503
1649,20,0,5,0.5,0.5,0.23293759407817097,-0.19619171605755503
1650,20,1,25,0.5,0.74,0.23293759407817097,-0.19619171605755503
1651,20,1,12,0.5,0.24,0.23293759407817097,-0.19619171605755503
1652,20,0,5,0.25,0.0,0.23293759407817097,-0.19619171605755503
1653,20,1,8,0.5,0.74,0.23293759407817097,-0.19619171605755503
1654,20,0,12,0.5,0.24,0.23293759407817097,-0.19619171605755503
1655,20,0,25,0.5,0.24,0.23293759407817097,-0.19619171605755503
1656,20,1,25,0.5,0.0,0.23293759407817097,-0.19619171605755503
1657,20,0,8,0.5,0.24,0.23293759407817097,-0.19619171605755503
1658,20,0,25,0.5,0.5,0.23293759407817097,-0.19619171605755503
1659,20,0,5,0.5,0.0,0.23293759407817097,-0.19619171605755503
1660,20,0,8,0.5,0.24,0.23293759407817097,-0.19619171605755503
1661,20,1,12,0.75,0.0,0.23293759407817097,-0.19619171605755503
1662,20,1,12,0.5,0.5,0.23293759407817097,-0.19619171605755503
1663,20,1,25,0.5,0.24,0.23293759407817097,-0.19619171605755503
1664,20,0,25,0.25,0.0,0.23293759407817097,-0.19619171605755503
1665,20,0,25,0.5,0.24,0.23293759407817097,-0.19619171605755503
1666,20,0,12,0.5,0.5,0.23293759407817097,-0.19619171605755503
1667,20,0,25,0.5,0.74,0.23293759407817097,-0.19619171605755503
1668,20,0,25,0.5,0.0,0.23293759407817097,-0.19619171605755503
1669,20,1,25,0.5,0.5,0.23293759407817097,-0.19619171605755503
1670,20,1,12,0.5,0.74,0.23293759407817097,-0.19619171605755503
1671,20,0,25,0.25,0.0,0.23293759407817097,-0.19619171605755503
1672,20,1,25,0.5,0.0,0.23293759407817097,-0.19619171605755503
1673,20,1,12,0.5,0.74,0.23293759407817097,-0.19619171605755503
1674,20,1,12,0.75,0.0,0.23293759407817097,-0.19619171605755503
1675,20,0,8,0.5,0.0,0.23293759407817097,-0.19619171605755503
1676,20,1,12,0.25,0.0,0.23293759407817097,-0.19619171605755503
1677,20,0,12,0.75,0.0,0.23293759407817097,-0.19619171605755503
1678,20,1,12,0.5,0.24,0.23293759407817097,-0.19619171605755503
1679,20,0,8,0.25,0.0,0.23293759407817097,-0.19619171605755503
